Title,Industry
Norman: The Moderate Rise and Tragic Fall of a New York Fixer,Hollywood
Max Steel,Hollywood
Agent Vinod,Bollywood
Oblivion,Hollywood
The Attacks of 26/11,Bollywood
Jhankaar Beats,Bollywood
Blue Oranges,Bollywood
Collide,Hollywood
Eastern Promises,Hollywood
Karam,Bollywood
Dredd,Hollywood
Fast Forward,Bollywood
Darwaza Bandh Rakho,Bollywood
R... Rajkumar,Bollywood
Vaada Raha... I Promise,Bollywood
Their Finest,Hollywood
Taarzan: The Wonder Car,Bollywood
Crimson Peak,Hollywood
Gunaah,Bollywood
The King's Speech,Hollywood
Footloose,Hollywood
The Jungle Book,Hollywood
Mr. Singh/Mrs. Mehta,Bollywood
Chuck,Hollywood
Life in a Metro,Bollywood
Jane Eyre,Hollywood
Raincoat,Bollywood
Shaadi Ka Laddoo,Bollywood
Tauba Tauba,Bollywood
Final Destination 5,Hollywood
Twin Peaks: The Missing Pieces,Hollywood
Transformers: Age of Extinction,Hollywood
Rehnaa Hai Terre Dil Mein,Bollywood
Inception,Hollywood
Dracula Untold,Hollywood
Uljhan,Bollywood
Om Jai Jagadish,Bollywood
Zokkomon,Bollywood
The World's End,Hollywood
Zootopia,Hollywood
Hello Darling,Bollywood
No Strings Attached,Hollywood
Baat Bann Gayi,Bollywood
Popcorn Khao! Mast Ho Jao,Bollywood
Clash of the Titans,Hollywood
Lady in the Water,Hollywood
Ek Din 24 Ghante,Bollywood
Dobara,Bollywood
Chhota Bheem and the Throne of Bali,Bollywood
The Devil Wears Prada,Hollywood
Cars,Hollywood
The Light Between Oceans,Hollywood
Gold,Hollywood
Sonali Cable,Bollywood
Heropanti,Bollywood
Bollywood Villa,Bollywood
Concussion,Hollywood
Bloody Isshq,Bollywood
Sing,Hollywood
Sixteen,Bollywood
Action Jackson,Bollywood
Mehbooba,Bollywood
Listen... Amaya,Bollywood
Before I Wake,Hollywood
Maharana Pratap: The First Freedom Fighter,Bollywood
The Rising: Ballad of Mangal Pandey,Bollywood
Gori Tere Pyaar Mein,Bollywood
Sex and the City,Hollywood
Superbad,Hollywood
Tangled,Hollywood
Chennai Express,Bollywood
Finding Dory,Hollywood
WALL·E,Hollywood
Daddy's Home,Hollywood
The Expendables,Hollywood
Lal Salaam,Bollywood
Pyaar Impossible!,Bollywood
Namastey London,Bollywood
U Me Aur Hum,Bollywood
Rush,Bollywood
Koi Aap Sa: But Lovers Have to Be Friends,Bollywood
Step Up,Hollywood
The Dirty Relation,Bollywood
Toonpur Ka Superrhero,Bollywood
Harry Potter and the Half-Blood Prince,Hollywood
Khanjar,Bollywood
The Other Guys,Hollywood
Garv: Pride and Honour,Bollywood
No Country for Old Men,Hollywood
Why Him?,Hollywood
American Wrestler: The Wizard,Hollywood
Enemmy,Bollywood
We Need to Talk About Kevin,Hollywood
3 AM: A Paranormal Experience,Bollywood
Danger,Bollywood
Boss,Bollywood
Mallika,Bollywood
Taken 3,Hollywood
Akhiyon Se Goli Maare,Bollywood
Dil Vil Pyar Vyar,Bollywood
Winter's Bone,Hollywood
Lafangey Parindey,Bollywood
Turbo Kid,Hollywood
Hathyar: Face to Face with Reality,Bollywood
War on Everyone,Hollywood
The Xpose,Bollywood
Main Prem Ki Diwani Hoon,Bollywood
Revolutionary Road,Hollywood
Dabangg 2,Bollywood
Tere Naam,Bollywood
Underworld: Rise of the Lycans,Hollywood
Absolutely Anything,Hollywood
Yeh Faasley,Bollywood
Tum Milo Toh Sahi,Bollywood
Fareb,Bollywood
Tall Men,Hollywood
Step Brothers,Hollywood
Krishna Cottage,Bollywood
Apartment: Rent at Your Own Risk,Bollywood
Ouija: Origin of Evil,Hollywood
Lajja,Bollywood
Fida,Bollywood
Star Trek,Hollywood
Ek Aur Ek Gyarah: By Hook or by Crook,Bollywood
Half of a Yellow Sun,Hollywood
Split,Hollywood
The Finest Hours,Hollywood
Click,Bollywood
Man Down,Hollywood
Kasam,Bollywood
Men Will Be Men,Bollywood
Seven Psychopaths,Hollywood
Zanjeer,Bollywood
Ek Thi Daayan,Bollywood
Ghajini,Bollywood
The Ghost Writer,Hollywood
CityLights,Bollywood
Deewangee,Bollywood
The Lucky One,Hollywood
Thodi Life Thoda Magic,Bollywood
M.A.D: Mad About Dance,Bollywood
A Million Ways to Die in the West,Hollywood
Shaapit: The Cursed,Bollywood
Interstellar,Hollywood
Musaa: The Most Wanted,Bollywood
Super 8,Hollywood
Eddie the Eagle,Hollywood
8 x 10 Tasveer,Bollywood
Django Unchained,Hollywood
Everybody Wants Some!!,Hollywood
Lavender,Hollywood
Kingsman: The Secret Service,Hollywood
Corporate,Bollywood
?: A Question Mark,Bollywood
Lahore,Bollywood
Unstoppable,Hollywood
Patriots Day,Hollywood
Piranha 3D,Hollywood
Gollu aur Pappu,Bollywood
G.I. Joe: Retaliation,Hollywood
Eklavya: The Royal Guard,Bollywood
Kyon Ki...,Bollywood
The Revenant,Hollywood
La vie d'Adèle,Hollywood
Bhavnao Ko Samjho,Bollywood
The Fault in Our Stars,Hollywood
Kickboxer: Vengeance,Hollywood
The Great Wall,Hollywood
Dansh,Bollywood
The Lost City of Z,Hollywood
Resident Evil: Afterlife,Hollywood
Fight Club: Members Only,Bollywood
Les Misérables,Hollywood
The Twilight Saga: Breaking Dawn - Part 1,Hollywood
Luv Ka the End,Bollywood
Saawan... The Love Season,Bollywood
The Founder,Hollywood
Angry Birds,Hollywood
Mr. White Mr. Black,Bollywood
Yeh Hai Bakrapur,Bollywood
Deewane Huye Paagal,Bollywood
Jalwa: Fun in Love,Bollywood
Aagey Se Right,Bollywood
Ya Rab,Bollywood
Police Force: An Inside Story,Bollywood
Ender's Game,Hollywood
I Origins,Hollywood
Delhii Heights,Bollywood
Yeh Dil Aashiqanaa,Bollywood
Milenge Milenge,Bollywood
Vicky Cristina Barcelona,Hollywood
Mujhse Shaadi Karogi,Bollywood
Hulchul,Bollywood
Taj Mahal: A Monument of Love,Bollywood
Carol,Hollywood
Qasam Se Qasam Se,Bollywood
Avgat,Bollywood
Ansh: The Deadly Part,Bollywood
The Karate Kid,Hollywood
Kismat,Bollywood
Money Monster,Hollywood
Kaalo,Bollywood
Spy,Hollywood
Jodhaa Akbar,Bollywood
Mere Yaar Ki Shaadi Hai,Bollywood
Bewakoofiyaan,Bollywood
Jigariyaa,Bollywood
Demain tout commence,Hollywood
Love,Hollywood
Jagten,Hollywood
A United Kingdom,Hollywood
Godzilla,Hollywood
Warcraft,Hollywood
Mr. Church,Hollywood
Mission: Impossible III,Hollywood
Albela,Bollywood
Mujhse Fraaandship Karoge,Bollywood
Ajab Prem Ki Ghazab Kahani,Bollywood
Jodi No.1,Bollywood
Quick Gun Murugun: Misadventures of an Indian Cowboy,Bollywood
Tathastu,Bollywood
Gali Gali Chor Hai,Bollywood
Identity Card,Bollywood
This Beautiful Fantastic,Hollywood
ABCD (Any Body Can Dance),Bollywood
Doctor Strange,Hollywood
The Hills Have Eyes,Hollywood
Jashnn: The Music Within,Bollywood
Paterson,Hollywood
Aseema: Beyond Boundaries,Bollywood
Ant-Man,Hollywood
We're the Millers,Hollywood
Chandni Bar,Bollywood
The Break-Up,Hollywood
Tum Hi To Ho...,Bollywood
Friends with Benefits,Hollywood
Border Hindustan Ka,Bollywood
Paul,Hollywood
Dabangg,Bollywood
Predestination,Hollywood
WOH,Bollywood
Central Intelligence,Hollywood
Star Trek Beyond,Hollywood
Mr. Right,Hollywood
Pacific Rim,Hollywood
Udaan,Bollywood
Robin Hood,Hollywood
Devil's Knot,Hollywood
Morgan,Hollywood
Woodstock Villa,Bollywood
X-Men: Apocalypse,Hollywood
Collateral Beauty,Hollywood
A Monster Calls,Hollywood
Shame,Hollywood
Striker,Bollywood
Nakshatra,Bollywood
American Reunion,Hollywood
Highway,Bollywood
Silver Linings Playbook,Hollywood
Woman in Gold,Hollywood
Lekar Hum Deewana Dil,Bollywood
Shorts,Bollywood
Dus,Bollywood
Na Ghar Ke Na Ghaat Ke,Bollywood
Ek Khiladi Ek Haseena,Bollywood
Hum Pyar Tumhi Se Kar Baithe,Bollywood
Sinister,Hollywood
Asambhav,Bollywood
Mithya,Bollywood
Race,Bollywood
Mirch,Bollywood
Aashiqui 2,Bollywood
The Exception,Hollywood
Swaha: Life Beyond Superstition,Bollywood
Shuddh Desi Romance,Bollywood
Main Aur Mr. Riight,Bollywood
Anubhav: An Actor's Tale,Bollywood
The Other Boleyn Girl,Hollywood
Captain America: The Winter Soldier,Hollywood
Fantastic Four,Hollywood
Love Aaj Kal,Bollywood
Yaariyan,Bollywood
The Neon Demon,Hollywood
Dus Tola,Bollywood
Baabul,Bollywood
Tera Mera Saath Rahen,Bollywood
Wreck-It Ralph,Hollywood
Thank You,Bollywood
Aloo Chaat,Bollywood
Hancock,Hollywood
Eagle Eye,Hollywood
De Taali,Bollywood
The Autopsy of Jane Doe,Hollywood
Go Goa Gone,Bollywood
Antichrist,Hollywood
X-Men: Days of Future Past,Hollywood
Let Me Make You a Martyr,Hollywood
Hawaa Hawaai,Bollywood
Payback,Bollywood
Saawariya,Bollywood
Partner,Bollywood
7 Khoon Maaf,Bollywood
Spider-Man 3,Hollywood
The Waiting Room,Bollywood
Teenage Mutant Ninja Turtles,Hollywood
Ashok Chakra: Tribute to Real Heroes,Bollywood
Rupture,Hollywood
Wrecker,Hollywood
C U at 9,Bollywood
No Entry,Bollywood
Aabra Ka Daabra,Bollywood
Khamoshh... Khauff Ki Raat,Bollywood
Hate Story 2,Bollywood
Vincent N Roxxy,Hollywood
Kyaa Dil Ne Kahaa,Bollywood
C Kkompany,Bollywood
Hostel: Part II,Hollywood
Aa Dekhen Zara,Bollywood
Melancholia,Hollywood
Casino Royale,Hollywood
Main Aurr Mrs Khanna,Bollywood
Mai,Bollywood
Kyon?,Bollywood
Ek: The Power of One,Bollywood
Rogue One,Hollywood
Aakhri Inteqam,Bollywood
Apna Sapna Money Money,Bollywood
Kitne Door... Kitne Paas,Bollywood
Passengers,Hollywood
"LSD: Love, Sex Aur Dhokha",Bollywood
Sssshhh...,Bollywood
Saathiya,Bollywood
Salaam-E-Ishq,Bollywood
Daayen Ya Baayen,Bollywood
Woh Lamhe,Bollywood
The Age of Adaline,Hollywood
Saheb Biwi Aur Gangster Returns,Bollywood
Bhindi Baazaar,Bollywood
Jumbo,Bollywood
American Honey,Hollywood
The Secret Scripture,Hollywood
Inkaar,Bollywood
Phhir,Bollywood
Vicky Donor,Bollywood
Rishtey,Bollywood
Srpski film,Hollywood
Pitch Perfect,Hollywood
Dev,Bollywood
Veer,Bollywood
Warrior,Hollywood
Murder 2,Bollywood
Mulaqaat,Bollywood
Bang Bang,Bollywood
Under the Skin,Hollywood
Rajdhani Express,Bollywood
Veer-Zaara,Bollywood
Bridge of Spies,Hollywood
Mama,Hollywood
What If,Hollywood
Nymphomaniac: Vol. I,Hollywood
The Hunger Games: Mockingjay - Part 2,Hollywood
Ek Chalis Ki Last Local,Bollywood
Waisa Bhi Hota Hai Part II,Bollywood
Yeh Jo Mohabbat Hai,Bollywood
Salt,Hollywood
Point Break,Hollywood
Page 3,Bollywood
Let Me In,Hollywood
Chori Chori Chupke Chupke,Bollywood
Elle,Hollywood
Jannat 2,Bollywood
Twilight,Hollywood
Kai po che!,Bollywood
Texas Chainsaw 3D,Hollywood
Jail,Bollywood
Kaante,Bollywood
The Visit,Hollywood
Bachke Rehna Re Baba,Bollywood
The 5th Wave,Hollywood
Andaaz,Bollywood
Singham Returns,Bollywood
Trump Card,Bollywood
Chamku,Bollywood
Rock of Ages,Hollywood
Ah-ga-ssi,Hollywood
Miracles from Heaven,Hollywood
Bollywood Bound,Bollywood
Phoonk 2,Bollywood
All the Best: Fun Begins,Bollywood
Indignation,Hollywood
Iris,Hollywood
In Time,Hollywood
Let's Enjoy,Bollywood
Mere Baap Pehle Aap,Bollywood
Nymphomaniac: Vol. II,Hollywood
Contract,Bollywood
The Boy in the Striped Pyjamas,Hollywood
Desi Boyz,Bollywood
Tramps,Hollywood
After Earth,Hollywood
Karthik Calling Karthik,Bollywood
Thoda Pyaar Thoda Magic,Bollywood
Florence Foster Jenkins,Hollywood
Kasak,Bollywood
Monica,Bollywood
Meinu Ek Ladki Chaahiye,Bollywood
The Purge,Hollywood
Ragini MMS 2,Bollywood
Riddick,Hollywood
The Stakelander,Hollywood
Taare Zameen Par,Hollywood
Lanka,Bollywood
Kaccha Limboo,Bollywood
What's Your Raashee?,Bollywood
Padmashree Laloo Prasad Yadav,Bollywood
Dhoom,Bollywood
Christine,Hollywood
Selma,Hollywood
Jolly LLB,Bollywood
Anthony Kaun Hai?,Bollywood
Ye Stupid Pyar,Bollywood
The Interview,Hollywood
Rambo,Hollywood
Rangrezz,Bollywood
Deadpool,Hollywood
Mukhbiir,Bollywood
Life Express,Bollywood
Entertainment,Bollywood
Pyare Mohan,Bollywood
Whiplash,Hollywood
It's Only the End of the World,Hollywood
Sikandar,Bollywood
Not a Love Story,Bollywood
The Wolf of Wall Street,Hollywood
Sanam Hum Aapke Hain...,Bollywood
Raqt,Bollywood
Deewaar: Let's Bring Our Heroes Home,Bollywood
Coraline,Hollywood
Revati,Bollywood
26th July at Barista,Bollywood
Raaz 3: The Third Dimension,Bollywood
Mumbai Godfather,Bollywood
Kaafila,Bollywood
I Spit on Your Grave,Hollywood
Gunday,Bollywood
The Spectacular Now,Hollywood
Bobby: Love and Lust,Bollywood
Allah Ke Banday,Bollywood
The Sea of Trees,Hollywood
Youth,Hollywood
Body of Lies,Hollywood
Fashion,Bollywood
The Best of Me,Hollywood
Team: The Force,Bollywood
Tamanchey,Bollywood
Out of the Furnace,Hollywood
Golmaal 3,Bollywood
Toss: A Flip of Destiny,Bollywood
Cloud Atlas,Hollywood
Aankhen,Bollywood
Mere Jeevan Saathi,Bollywood
Goksung,Hollywood
The Drop,Hollywood
The Camp,Bollywood
Parineeta,Bollywood
What the Fish,Bollywood
Zed Plus,Bollywood
Jugaad,Bollywood
The Invitation,Hollywood
Pitaah,Bollywood
Umrao Jaan,Bollywood
Iqbal,Bollywood
True Crimes,Hollywood
Soch,Bollywood
Kisaan,Bollywood
Suicide Squad,Hollywood
Raja Natwarlal,Bollywood
Genius,Hollywood
Ramaa: The Saviour,Bollywood
Jumper,Hollywood
Bad Moms,Hollywood
Accident on Hill Road,Bollywood
Drona,Bollywood
Neighbors,Hollywood
The Girl Next Door,Hollywood
Rio,Hollywood
Predators,Hollywood
Hum Kaun Hai?,Bollywood
Khuda Kasam,Bollywood
Pyaasa,Bollywood
The Green Inferno,Hollywood
Xcuse Me,Bollywood
The Hunger Games: Catching Fire,Hollywood
USS Indianapolis: Men of Courage,Hollywood
The Cabin in the Woods,Hollywood
Amateur Night,Hollywood
Grimsby,Hollywood
Kahaani,Bollywood
Blood Father,Hollywood
Paheli,Bollywood
Sahi Dhandhe Galat Bande,Bollywood
Lone Survivor,Hollywood
Darwaza,Bollywood
Dum Maaro Dum,Bollywood
Time Pass,Bollywood
Bhoothnath Returns,Bollywood
The Lego Movie,Hollywood
Mere Brother Ki Dulhan,Bollywood
Raja Bhaiya,Bollywood
Raghu More: Bachelor of Hearts,Bollywood
Zindagi 50 50,Bollywood
Chillar Party,Bollywood
Bridesmaids,Hollywood
Chor Machaaye Shor,Bollywood
Mod,Bollywood
The House Bunny,Hollywood
Don't Fuck in the Woods,Hollywood
Darna Mana Hai,Bollywood
Indiana Jones and the Kingdom of the Crystal Skull,Hollywood
Lights Out,Hollywood
Baabarr,Bollywood
Yun Hota Toh Kya Hota: What If...?,Bollywood
Kyaa Kool Hai Hum,Bollywood
Aanch,Bollywood
Project X,Hollywood
Players,Bollywood
Jackie,Hollywood
Ek Tha Tiger,Bollywood
Macbeth,Hollywood
Anjaane: The Unkown,Bollywood
Guardians of the Galaxy,Hollywood
Hercules,Hollywood
Independence Day: Resurgence,Hollywood
Moksha: Salvation,Bollywood
It's Rocking: Dard-E-Disco,Bollywood
Sona Spa,Bollywood
Dosti: Friends Forever,Bollywood
Don Muthu Swami,Bollywood
Dhara,Bollywood
Ssukh,Bollywood
Ek Second... Jo Zindagi Badal De...,Bollywood
Sweeney Todd: The Demon Barber of Fleet Street,Hollywood
99.9 FM,Bollywood
13 Hours,Hollywood
Special 26,Bollywood
Chala Mussaddi - Office Office,Bollywood
Love U Crazy Girl,Bollywood
Magic Mike XXL,Hollywood
Bhoot and Friends,Bollywood
We Are Your Friends,Hollywood
Bleed for This,Hollywood
Hugo,Hollywood
Barfi!,Bollywood
Super,Hollywood
Talaash: The Hunt Begins...,Bollywood
Saheb Biwi Aur Gangster,Bollywood
Mumbai Cutting,Bollywood
Kabhi Khushi Kabhie Gham...,Bollywood
Sirf....: Life Looks Greener on the Other Side,Bollywood
Maine Dil Tujhko Diya,Bollywood
Youngistaan,Bollywood
Perfume: The Story of a Murderer,Hollywood
Tusk,Hollywood
Aetbaar,Bollywood
Bhoot,Bollywood
Blended,Hollywood
"Gandhi, My Father",Bollywood
Ab Tak Chhappan,Bollywood
Inglourious Basterds,Hollywood
Yeh Jawaani Hai Deewani,Bollywood
Imperium,Hollywood
"U, Bomsi n Me",Bollywood
Shanghai,Bollywood
Hachi: A Dog's Tale,Hollywood
Mohandas,Bollywood
Kuch Khatti Kuch Meethi,Bollywood
Jaani Dushman: Ek Anokhi Kahani,Bollywood
Yeh Zindagi Ka Safar,Bollywood
Crook: It's Good to Be Bad,Bollywood
Mudda: The Issue,Bollywood
Muskurake Dekh Zara,Bollywood
The Social Network,Hollywood
Rabba Main Kya Karoon,Bollywood
Yeh Raaste Hain Pyaar Ke,Bollywood
Deja Vu,Hollywood
Tumko Na Bhool Paayenge,Bollywood
Mary Kom,Bollywood
Life as We Know It,Hollywood
The Stoneman Murders,Bollywood
Pixels,Hollywood
Kucch Luv Jaisaa,Bollywood
Enchanted,Hollywood
The Matchbreaker,Hollywood
30 Days,Bollywood
The Secret Life of Pets,Hollywood
La tortue rouge,Hollywood
Paisa Vasool,Bollywood
The Book of Eli,Hollywood
Knocked Up,Hollywood
Fury,Hollywood
Nigehbaan: The Third Eye,Bollywood
O Teri,Bollywood
Grown Ups,Hollywood
Pineapple Express,Hollywood
Suno Sasurjee,Bollywood
Chalte Chalte,Bollywood
Escape from Taliban,Bollywood
Pride and Prejudice and Zombies,Hollywood
Chance Pe Dance,Bollywood
Inland Empire,Hollywood
Julie,Bollywood
Dum,Bollywood
Horrible Bosses,Hollywood
Durga,Bollywood
Hadh: Life on the Edge of Death,Bollywood
Sleeping with Other People,Hollywood
Zameen,Bollywood
20th Century Women,Hollywood
Into the Wild,Hollywood
Terminator Salvation,Hollywood
Masterminds,Hollywood
Live Free or Die Hard,Hollywood
Ek Main Aur Ekk Tu,Bollywood
Censor,Bollywood
Maze Runner: The Scorch Trials,Hollywood
Oops!,Bollywood
Prince of Persia: The Sands of Time,Hollywood
Sons of Ram,Bollywood
Alice Through the Looking Glass,Hollywood
Welcome,Bollywood
Straight Outta Compton,Hollywood
"Tom, Dick, and Harry",Bollywood
Nayee Padosan,Bollywood
Mission: Impossible - Ghost Protocol,Hollywood
Don,Bollywood
Race 2,Bollywood
Turning 30!!!,Bollywood
The Help,Hollywood
Shakal Pe Mat Ja,Bollywood
The Dark Knight Rises,Hollywood
Inside Out,Hollywood
Edge of Tomorrow,Hollywood
Neighbors 2: Sorority Rising,Hollywood
The Assassination of Jesse James by the Coward Robert Ford,Hollywood
The Warriors Gate,Hollywood
Exposed,Hollywood
Brave,Hollywood
She's the Man,Hollywood
Ugly Aur Pagli,Bollywood
Dil Maange More!!!,Bollywood
Shaadi Karke Phas Gaya Yaar,Bollywood
Disturbia,Hollywood
Tinker Tailor Soldier Spy,Hollywood
Self/less,Hollywood
Idiot Box,Bollywood
Patth,Bollywood
The Tree of Life,Hollywood
Bhoothnath,Bollywood
The Lone Ranger,Hollywood
End of Watch,Hollywood
Lage Raho Munna Bhai,Bollywood
Suite Française,Hollywood
Hands of Stone,Hollywood
Bewafaa,Bollywood
Mausam,Bollywood
The Amazing Spider-Man,Hollywood
Desi Kattey,Bollywood
Bin Bulaye Baraati,Bollywood
The DUFF,Hollywood
Vacation,Hollywood
Divergent,Hollywood
Kya Dilli Kya Lahore,Bollywood
Hell or High Water,Hollywood
The Siege of Jadotville,Hollywood
Brooklyn,Hollywood
Jannat: In Search of Heaven...,Bollywood
Billy Lynn's Long Halftime Walk,Hollywood
Munnabhai M.B.B.S.,Bollywood
Safe Haven,Hollywood
This Means War,Hollywood
Double Cross: Ek Dhoka,Bollywood
Ankur Arora Murder Case,Bollywood
Chalk It Up,Hollywood
Heartless,Bollywood
Män som hatar kvinnor,Hollywood
Hum Tum,Bollywood
Dhoom:2,Bollywood
Transformers: Dark of the Moon,Hollywood
The Gift,Hollywood
Sicario,Hollywood
Mazaa Mazaa,Bollywood
Supari,Bollywood
Ex Machina,Hollywood
Bhola in Bollywood,Bollywood
Allied,Hollywood
The Three Musketeers,Hollywood
Boyka: Undisputed IV,Hollywood
Dulha Mil Gaya,Bollywood
Rama Rama Kya Hai Dramaaa,Bollywood
Dangal,Hollywood
No One Killed Jessica,Bollywood
Ice Age: Collision Course,Hollywood
The Film Emotional Atyachar,Bollywood
Aggar: Passion Betrayal Terror,Bollywood
Son of Sardaar,Bollywood
The Guest,Hollywood
Dark Shadows,Hollywood
Koe no katachi,Hollywood
Kyun! Ho Gaya Na...,Bollywood
Gangaajal,Bollywood
Straight,Bollywood
Bengal Tiger,Bollywood
Chittagong,Bollywood
Red Dawn,Hollywood
American Sniper,Hollywood
Devdas,Bollywood
Mean Dreams,Hollywood
Naam Gum Jaayega,Bollywood
Yoga Hosers,Hollywood
Plan,Bollywood
Below Her Mouth,Hollywood
I Am,Bollywood
Blood Diamond,Hollywood
The Hunger Games: Mockingjay - Part 1,Hollywood
Mumbai Matinee,Bollywood
Rocket Singh: Salesman of the Year,Bollywood
Fantastic Mr. Fox,Hollywood
Ishkq in Paris,Bollywood
Aarakshan,Bollywood
Despicable Me,Hollywood
Horns,Hollywood
Birdman or (The Unexpected Virtue of Ignorance),Hollywood
Vampire Academy,Hollywood
The Golden Compass,Hollywood
Ma vie de Courgette,Hollywood
Kismet Love Paisa Dilli,Bollywood
Janleva 555,Bollywood
Mumbai Meri Jaan,Bollywood
Sex and the City 2,Hollywood
Assassin's Creed,Hollywood
Bridget Jones's Baby,Hollywood
127 Hours,Hollywood
Out of Control,Bollywood
To Rome with Love,Hollywood
"Main, Meri Patni... Aur Woh!",Bollywood
Me and Earl and the Dying Girl,Hollywood
Horrible Bosses 2,Hollywood
Hounds of Love,Hollywood
Taxi No. 9 2 11: Nau Do Gyarah,Bollywood
Real Steel,Hollywood
Bhairav,Bollywood
Transcendence,Hollywood
Rann,Bollywood
The Heartbreak Kid,Hollywood
Zoolander 2,Hollywood
San Andreas,Hollywood
Arrival,Hollywood
Stop!,Bollywood
Happy Feet,Hollywood
Jism,Bollywood
Main Hoon Na,Bollywood
Rocky,Bollywood
"Hail, Caesar!",Hollywood
Chupke Se,Bollywood
Superman Returns,Hollywood
Magic Mike,Hollywood
All We Had,Hollywood
Bombay Talkies,Bollywood
London Has Fallen,Hollywood
Dekh Tamasha Dekh,Bollywood
Kabul Express,Bollywood
Shirdi Sai Baba,Bollywood
Tara: The Journey of Love and Passion,Bollywood
Raja Bhai Lagey Raho...,Bollywood
Aaja Nachle,Bollywood
Insidious,Hollywood
Jo Bole So Nihaal,Bollywood
The Daughter,Hollywood
Khakee,Bollywood
Love You to Death,Bollywood
Kaal,Bollywood
Rokkk,Bollywood
Yeh Kaisi Mohabbat,Bollywood
Blue,Bollywood
Endless Love,Hollywood
Yamla Pagla Deewana 2,Bollywood
2012,Hollywood
The Princess and the Frog,Hollywood
Trip to Bhangarh,Bollywood
Haasil,Bollywood
Gone Girl,Hollywood
Hatya: The Murder,Bollywood
Humpty Sharma Ki Dulhania,Bollywood
The Killer,Bollywood
The Survivalist,Hollywood
Chal Chalein,Bollywood
Rise of the Planet of the Apes,Hollywood
Cigarette Ki Tarah,Bollywood
Dasvidaniya,Bollywood
Yeh Saali Zindagi,Bollywood
The Bad Batch,Hollywood
Paranthe Wali Gali,Bollywood
The Hobbit: The Desolation of Smaug,Hollywood
Jaan-E-Mann: Let's Fall in Love... Again,Bollywood
"Love, Rosie",Hollywood
Unbroken,Hollywood
Let's Be Cops,Hollywood
Hacksaw Ridge,Hollywood
Frozen,Hollywood
Morning Raga,Bollywood
Blair Witch,Hollywood
Saas Bahu Aur Sensex,Bollywood
Student of the Year,Bollywood
The Proposal,Hollywood
Iron Man 2,Hollywood
Apne,Bollywood
The Happening,Hollywood
Percy Jackson & the Olympians: The Lightning Thief,Hollywood
Isi Life Mein...!,Bollywood
The Purge: Election Year,Hollywood
Lakeer ka Fakeer,Bollywood
Chal Pichchur Banate Hain,Bollywood
Golmaal Returns,Bollywood
Chalo Ishq Ladaaye,Bollywood
Sing Street,Hollywood
Zindagi Khoobsoorat Hai,Bollywood
3 Idiots,Hollywood
Oz the Great and Powerful,Hollywood
Meri Biwi Ka Jawab Nahin,Bollywood
Revolver Rani,Bollywood
Aashayein,Bollywood
Sheesha,Bollywood
Sin City: A Dame to Kill For,Hollywood
Inteha,Bollywood
Mujhe Kucch Kehna Hai,Bollywood
Daman: A Victim of Marital Violence,Bollywood
Ishqiya,Bollywood
How to Be Single,Hollywood
Planet Terror,Hollywood
Jai Ganesh Deva,Bollywood
Kranti,Bollywood
The Rise of the Krays,Hollywood
Big Hero 6,Hollywood
Lawless,Hollywood
Barbershop: The Next Cut,Hollywood
Aagaah: The Warning,Bollywood
Black Mass,Hollywood
Allegiant,Hollywood
Madras Cafe,Bollywood
Annarth,Bollywood
Krrish 3,Bollywood
Shabnam Mausi,Bollywood
Blackhat,Hollywood
Silsiilay,Bollywood
Aashiq,Bollywood
Kuchh Meetha Ho Jaye,Bollywood
The Curious Case of Benjamin Button,Hollywood
Captain America: Civil War,Hollywood
The Ticket,Hollywood
Style,Bollywood
True Grit,Hollywood
Kambakkht Ishq,Bollywood
About Time,Hollywood
Custody,Hollywood
28 Weeks Later,Hollywood
Yeh Mohabbat Hai,Bollywood
Cheenti Cheenti Bang Bang,Bollywood
The Host,Hollywood
Pan's Labyrinth,Hollywood
Boyhood,Hollywood
Children of Men,Hollywood
9 Eleven,Bollywood
Sur: The Melody of Life,Bollywood
Ghanchakkar,Bollywood
Annabelle,Hollywood
The Martian,Hollywood
The Maze Runner,Hollywood
A Kind of Murder,Hollywood
3G - A Killer Connection,Bollywood
A Cure for Wellness,Hollywood
Kushti,Bollywood
Aalaap,Bollywood
Hellboy II: The Golden Army,Hollywood
Chand Sa Roshan Chehra,Bollywood
I Am Number Four,Hollywood
The Lovely Bones,Hollywood
Return of Hanuman,Bollywood
Say Yes to Love,Bollywood
Kick-Ass,Hollywood
Now You See Me 2,Hollywood
2 Nights in Soul Valley,Bollywood
How to Train Your Dragon 2,Hollywood
Jennifer's Body,Hollywood
Alice in Wonderland,Hollywood
Khatta Meetha,Bollywood
Club 60,Bollywood
Harry Potter and the Deathly Hallows: Part 2,Hollywood
X: First Class,Hollywood
Hum Do Anjaane,Bollywood
David,Bollywood
Maine Pyaar Kyun Kiya,Bollywood
The Descendants,Hollywood
Wanted,Bollywood
Vroom,Bollywood
Resident Evil: Retribution,Hollywood
Aap Mujhe Achche Lagne Lage,Bollywood
War Dogs,Hollywood
The Family,Hollywood
Lottery,Bollywood
Mission: Impossible - Rogue Nation,Hollywood
Tracktown,Hollywood
Dil Pardesi Ho Gayaa,Bollywood
Sully,Hollywood
Vaah! Life Ho Toh Aisi!,Bollywood
Action Replayy,Bollywood
Main Aisa Hi Hoon,Bollywood
The Neighbor,Hollywood
Jimmy,Bollywood
Prarambh,Bollywood
Ek Hindustani,Bollywood
The Perks of Being a Wallflower,Hollywood
Flight,Hollywood
Zindagi Tere Naam,Bollywood
Tron,Hollywood
Harry Potter and the Deathly Hallows: Part 1,Hollywood
The Legend of Bhagat Singh,Bollywood
Jaago,Bollywood
Ballerina,Hollywood
The Heat,Hollywood
The Town,Hollywood
Sooper Se Ooper,Bollywood
Khwahish,Bollywood
Fast Five,Hollywood
Kites,Bollywood
Dhokha,Bollywood
Dil Ne Phir Yaad Kiya,Bollywood
Into the Woods,Hollywood
Jackpot,Bollywood
Legion,Hollywood
Wrath of the Titans,Hollywood
Bol Bachchan,Bollywood
Toy Story 3,Hollywood
Fool N Final,Bollywood
Ratatouille,Hollywood
Besharam,Bollywood
Zero Dark Thirty,Hollywood
Carrie,Hollywood
Singh Saab the Great,Bollywood
Life Is Beautiful,Bollywood
Jalpari: The Desert Mermaid,Bollywood
Kal Kissne Dekha,Bollywood
Stardust,Hollywood
P.S. I Love You,Hollywood
Aapko Pehle Bhi Kahin Dekha Hai,Bollywood
Live by Night,Hollywood
Welcome to Sajjanpur,Bollywood
Gulaab Gang,Bollywood
Road,Bollywood
Folk Hero & Funny Guy,Hollywood
Don't Breathe,Hollywood
Wafaa,Bollywood
Centurion,Hollywood
Department,Bollywood
Chand Bujh Gaya,Bollywood
Colonia,Hollywood
Rab Ne Bana Di Jodi,Bollywood
Gayab,Bollywood
21 Jump Street,Hollywood
Guru,Bollywood
Maseeha,Bollywood
Jo Dooba So Paar: It's Love in Bihar!,Bollywood
Dekh Bhai Dekh: Laughter Behind Darkness,Bollywood
Love Recipe,Bollywood
Insan,Bollywood
Dirty Grandpa,Hollywood
The Girl with the Dragon Tattoo,Hollywood
Batman v Superman: Dawn of Justice,Hollywood
Fast & Furious,Hollywood
Australia,Hollywood
Challo Driver,Bollywood
AK 47,Bollywood
Lucky: No Time for Love,Bollywood
Chhal,Bollywood
Aliens vs Predator - Requiem,Hollywood
Chori Chori,Bollywood
Pyaar Ke Side Effects,Bollywood
Tezz,Bollywood
One 2 Ka 4,Bollywood
Maudie,Hollywood
Blue Valentine,Hollywood
Me Before You,Hollywood
Aamdani Atthanni Kharcha Rupaiya,Bollywood
Utt Pataang,Bollywood
Martyrs,Hollywood
A Wednesday,Bollywood
Captain Fantastic,Hollywood
Kisse Pyaar Karo?n,Bollywood
Phas Gaye Re Obama,Bollywood
Tere Liye,Bollywood
"Good Boy, Bad Boy",Bollywood
Child 44,Hollywood
Knock Knock,Hollywood
Kill Dil,Bollywood
American Gangster,Hollywood
Now You See Me,Hollywood
Teri Meri Kahaani,Bollywood
Bird Idol,Bollywood
Patiala House,Bollywood
Just Go with It,Hollywood
Angaar: The Fire,Bollywood
Hum Ho Gaye Aap Ke,Bollywood
Ek Se Bure Do,Bollywood
Awarapan,Bollywood
Ebn-e-Batuta,Bollywood
Chandni Chowk to China,Bollywood
Swiss Army Man,Hollywood
Ata Pata Lapatta,Bollywood
Ek Ajnabee,Bollywood
Masti,Bollywood
Holiday,Bollywood
Inteqam: The Perfect Game,Bollywood
Mixed Doubles,Bollywood
What We Do in the Shadows,Hollywood
The First Time,Hollywood
Banaras,Bollywood
Trainwreck,Hollywood
Shikhar,Bollywood
The Fast and the Furious: Tokyo Drift,Hollywood
Scream 4,Hollywood
Yeh Lamhe Judaai Ke,Bollywood
Kal Ho Naa Ho,Bollywood
Rascals,Bollywood
(500) Days of Summer,Hollywood
Nine Lives,Hollywood
Aryan: Unbreakable,Bollywood
Iron Man,Hollywood
Your Highness,Hollywood
Contagion,Hollywood
Policegiri,Bollywood
Friend Request,Hollywood
Run,Bollywood
Loving,Hollywood
Aan: Men at Work,Bollywood
Akaash Vani,Bollywood
Mr. Nobody,Hollywood
Bahubali: The Beginning,Hollywood
Ishq Vishk,Bollywood
The Girl with All the Gifts,Hollywood
Wajahh: A Reason to Kill,Bollywood
The Book of Life,Hollywood
Kubo and the Two Strings,Hollywood
Bandook,Bollywood
Table No. 21,Bollywood
The Master,Hollywood
Yehi Hai Zindagi,Bollywood
Cheeni Kum,Bollywood
Dil Toh Baccha Hai Ji,Bollywood
300: Rise of an Empire,Hollywood
Delhi-6,Bollywood
Megamind,Hollywood
Tere Mere Phere,Bollywood
Love & Friendship,Hollywood
Love Ke Liye Kuch Bhi Karega,Bollywood
Don't Think Twice,Hollywood
Ladies vs. Ricky Bahl,Bollywood
Sulemani Keeda,Bollywood
A Bigger Splash,Hollywood
Cash,Bollywood
5ters: Castle of Dark Master,Bollywood
The Incredible Hulk,Hollywood
My Friend Pinto,Bollywood
The Giver,Hollywood
Aatma,Bollywood
Fugly,Bollywood
Toh Baat Pakki!,Bollywood
3 Nights 4 Days,Bollywood
The Kings of Summer,Hollywood
Kya Yehi Pyaar Hai,Bollywood
The Longest Ride,Hollywood
Mere Khwabon Mein Jo Aaye,Bollywood
Take Me Home Tonight,Hollywood
MP3: Mera Pehla Pehla Pyaar,Bollywood
Orphan,Hollywood
The Assignment,Hollywood
Dil Dosti Etc,Bollywood
Singham,Bollywood
Bunty Aur Babli,Bollywood
Thor: The Dark World,Hollywood
Humko Tumse Pyaar Hai,Bollywood
What to Expect When You're Expecting,Hollywood
Silence,Hollywood
Nazar,Bollywood
Chef,Hollywood
Inside Man,Hollywood
The imposible,Hollywood
Criminal,Hollywood
Hanuman,Bollywood
The Twilight Saga: Eclipse,Hollywood
Khelein Hum Jee Jaan Sey,Bollywood
She's Out of My League,Hollywood
Hum Hai Raahi CAR Ke,Bollywood
Shirin Farhad Ki Toh Nikal Padi,Bollywood
Khosla's Nest,Bollywood
Office Christmas Party,Hollywood
Big Brother,Bollywood
Satanic,Hollywood
Sehar,Bollywood
Jack Reacher,Hollywood
Ek Vivaah... Aisa Bhi,Bollywood
3 Bachelors,Bollywood
Rock On!!,Bollywood
Good Kids,Hollywood
Aakhari Decision,Bollywood
Sherlock Holmes,Hollywood
Super Nani,Bollywood
Luck by Chance,Bollywood
The Dictator,Hollywood
Pratha,Bollywood
World War Z,Hollywood
Dostana,Bollywood
Khap,Bollywood
Family: Ties of Blood,Bollywood
Ferrari Ki Sawaari,Bollywood
Mummy Punjabi: Superman Ki Bhi Maa!!,Bollywood
Friday the 13th,Hollywood
Alibaba Aur 40 Chor,Bollywood
Lucy,Hollywood
RED,Hollywood
Kisna: The Warrior Poet,Bollywood
Spectral,Hollywood
The Infiltrator,Hollywood
Duplicate Sholay,Bollywood
Jack Reacher: Never Go Back,Hollywood
Stumped,Bollywood
Chargesheet,Bollywood
Yeh Teraa Ghar Yeh Meraa Ghar,Bollywood
Lída Baarová,Hollywood
Rahul,Bollywood
This Is the End,Hollywood
Footpath,Bollywood
Tere Naal Love Ho Gaya,Bollywood
The Accountant,Hollywood
Forushande,Hollywood
Easy A,Hollywood
Law Abiding Citizen,Hollywood
Mere Haule Dost,Bollywood
Roadside Romeo,Bollywood
Shaitan,Bollywood
Atithi Tum Kab Jaoge?,Bollywood
"Chot [Aaj Isko, Kal Tereko]",Bollywood
Green Lantern,Hollywood
Knock Out,Bollywood
Encounter: The Killing,Bollywood
Koi Hai,Bollywood
Chehraa,Bollywood
Bhopal: A Prayer for Rain,Bollywood
The Hobbit: The Battle of the Five Armies,Hollywood
The Boy Next Door,Hollywood
The Fall,Hollywood
Mahabharat,Bollywood
Mamma Mia!,Hollywood
Mr Joe B. Carvalho,Bollywood
The Love Witch,Hollywood
Death Proof,Hollywood
"I, Daniel Blake",Hollywood
Suno Na.. Ek Nanhi Aawaz,Bollywood
The Huntsman: Winter's War,Hollywood
Rajjo,Bollywood
We Are Family,Bollywood
Birth of the Dragon,Hollywood
Three: Love Lies Betrayal,Bollywood
Mine,Hollywood
Ajab Gazabb Love,Bollywood
Across the Universe,Hollywood
The Last Face,Hollywood
Fallen,Hollywood
The Imaginarium of Doctor Parnassus,Hollywood
I.T.,Hollywood
Evil Dead,Hollywood
Percy Jackson: Sea of Monsters,Hollywood
White House Down,Hollywood
Room,Hollywood
Lowriders,Hollywood
Waqt: The Race Against Time,Bollywood
Ready,Bollywood
Children of War,Bollywood
I Am Legend,Hollywood
Public Enemies,Hollywood
Loot,Bollywood
Milta Hai Chance by Chance,Bollywood
Jab We Met,Bollywood
Café Society,Hollywood
Faster,Hollywood
There Will Be Blood,Hollywood
My Name Is Anthony Gonsalves,Bollywood
London Dreams,Bollywood
Master,Bollywood
Summer 2007,Bollywood
Shola: Fire of Love,Bollywood
Humraaz,Bollywood
Personal Shopper,Hollywood
Marshal,Bollywood
Relatos salvajes,Hollywood
Amu,Bollywood
Jaane Kahan Se Aayi Hai,Bollywood
My Wife's Murder,Bollywood
Jeena Hai Toh Thok Daal,Bollywood
Everest,Hollywood
Seventh Son,Hollywood
Kucch To Hai,Bollywood
Aashiqui.in,Bollywood
Moonlight,Hollywood
My Friend Ganesha 3,Bollywood
Shagird,Bollywood
Aiyyaa,Bollywood
Dear White People,Hollywood
My Big Fat Greek Wedding 2,Hollywood
The Headhunter's Calling,Hollywood
Life of Pi,Hollywood
"I, Me aur Main",Bollywood
John Wick,Hollywood
Midnight in Paris,Hollywood
Oye Lucky! Lucky Oye!,Bollywood
Kurbaan,Bollywood
Zor Lagaa Ke... Haiya!,Bollywood
Search Party,Hollywood
Ocean's Thirteen,Hollywood
Yuva,Bollywood
Hanna,Hollywood
Monster Trucks,Hollywood
Hairspray,Hollywood
Silent Hill,Hollywood
The Man from U.N.C.L.E.,Hollywood
Jo Hum Chahein,Bollywood
Chetna: The Excitement,Bollywood
Pyaar Tune Kya Kiya...,Bollywood
Rudraksh,Bollywood
Gippi,Bollywood
Nishabd,Bollywood
The Boss,Hollywood
Hotel Transylvania 2,Hollywood
3 Idiots,Bollywood
Chal Chala Chal,Bollywood
Kyaa Super Kool Hain Hum,Bollywood
Benny and Babloo,Bollywood
PK,Bollywood
Siyaah..,Bollywood
In Bruges,Hollywood
Naqaab,Bollywood
Wild,Hollywood
Rock Dog,Hollywood
Marie Antoinette,Hollywood
Dus Kahaniyaan,Bollywood
Money Hai Toh Honey Hai,Bollywood
Gone Baby Gone,Hollywood
Hostel,Bollywood
Deewaanapan,Bollywood
Furious Seven,Hollywood
Precious,Hollywood
Lincoln,Hollywood
Bridge to Terabithia,Hollywood
Basti,Bollywood
Rise of the Zombie,Bollywood
Bullet: Ek Dhamaka,Bollywood
Trust,Hollywood
Badlapur Boys,Bollywood
Sunday,Bollywood
Titoo MBA,Bollywood
Ramaiya Vastavaiya,Bollywood
Manorama Six Feet Under,Bollywood
Immortals,Hollywood
Shiva,Bollywood
Kuch Naa Kaho,Bollywood
Ab Tumhare Hawale Watan Saathiyo,Bollywood
Main Madhuri Dixit Banna Chahti Hoon!,Bollywood
Ajnabee,Bollywood
Cinderella,Hollywood
Kaise Kahoon Ke... Pyaar Hai,Bollywood
Pet,Hollywood
Ishq Hai Tumse,Bollywood
Minions,Hollywood
Bheja Fry 2,Bollywood
Kis Kis Ki Kismat,Bollywood
Prisoners,Hollywood
Siskiyaan,Bollywood
Dhund: The Fog,Bollywood
Second Marriage Dot Com,Bollywood
Tum Bin...: Love Will Find a Way,Bollywood
Kimi no na wa,Hollywood
Snowden,Hollywood
Phoonk,Bollywood
Staying Alive,Bollywood
Guzaarish,Bollywood
Paper Towns,Hollywood
The Host,Hollywood
Bonjour Anne,Hollywood
Aashiq Banaya Aapne: Love Takes Over,Bollywood
Break Ke Baad,Bollywood
Happy New Year,Bollywood
How to Train Your Dragon,Hollywood
Hello,Bollywood
Khullam Khulla Pyaar Karen,Bollywood
Mere Dad Ki Maruti,Bollywood
The Hangover,Hollywood
10 Years,Hollywood
Housefull,Bollywood
Tell Me O Kkhuda,Bollywood
He's Just Not That Into You,Hollywood
The Conjuring,Hollywood
Jai Veeru: Friends Forever,Bollywood
Woh Tera Naam Tha,Bollywood
The Hurt Locker,Hollywood
Kismat Konnection,Bollywood
Never Back Down,Hollywood
Transformers: Revenge of the Fallen,Hollywood
Fantastic Beasts and Where to Find Them,Hollywood
Toni Erdmann,Hollywood
Yuvvraaj,Bollywood
Dhoondte Reh Jaoge,Bollywood
Delhi Safari,Bollywood
Pankh,Bollywood
Chakradhaar,Bollywood
Shakthi: The Power,Bollywood
Badmaa$h Company,Bollywood
Pyaar Diwana Hota Hai,Bollywood
Prem Kaa Game,Bollywood
The Bourne Legacy,Hollywood
Jurassic World,Hollywood
Boom,Bollywood
Spring Breakers,Hollywood
Kidnap,Bollywood
Fool's Gold,Hollywood
Yeh Hai Jalwa,Bollywood
Company,Bollywood
Bastille Day,Hollywood
Only for One Night,Hollywood
Riyasat,Bollywood
Golmaal: Fun Unlimited,Bollywood
Tanu Weds Manu,Bollywood
One by Two,Bollywood
The Comedian,Hollywood
Star Trek Into Darkness,Hollywood
Indian,Bollywood
Meerabai Not Out,Bollywood
This Is 40,Hollywood
The Mortal Instruments: City of Bones,Hollywood
Warm Bodies,Hollywood
High-Rise,Hollywood
Oculus,Hollywood
Kagaar: Life on the Edge,Bollywood
Lady Macbeth,Hollywood
Tees Maar Khan,Bollywood
Sherlock Holmes: A Game of Shadows,Hollywood
Lion,Hollywood
Seven Pounds,Hollywood
Kajraare,Bollywood
Jaana Pehchana,Bollywood
Dallas Buyers Club,Hollywood
Hardcore Henry,Hollywood
A Dark Song,Hollywood
Beyond the Gates,Hollywood
I Am Singh,Bollywood
Aao Wish Karein,Bollywood
Raanjhanaa,Bollywood
No Problem,Bollywood
Shahrukh Bola 'Khoobsurat Hai Tu'... And She Believed in It,Bollywood
Night at the Museum: Secret of the Tomb,Hollywood
2307: Winter's Dream,Hollywood
Source Code,Hollywood
1920,Bollywood
No Escape,Hollywood
Il racconto dei racconti - Tale of Tales,Hollywood
Shootout at Lokhandwala,Bollywood
Solace,Hollywood
From Sydney with Love,Bollywood
English Vinglish,Bollywood
Na Tum Jaano Na Hum,Bollywood
U R My Jaan,Bollywood
A Street Cat Named Bob,Hollywood
Shor in the City,Bollywood
Paagalpan,Bollywood
The Prestige,Hollywood
Trance,Hollywood
Satya 2,Bollywood
Rakht,Bollywood
Bluffmaster!,Bollywood
The Ugly Truth,Hollywood
Dil Bole Hadippa!,Bollywood
Satrangee Parachute,Bollywood
Ram Gopal Varma's Indian Flames,Bollywood
Final Girl,Hollywood
The Adjustment Bureau,Hollywood
Whiskey Tango Foxtrot,Hollywood
District 9,Hollywood
The Conjuring 2,Hollywood
Calcutta Mail,Bollywood
Hisss,Bollywood
Taken,Hollywood
Hush,Hollywood
Enemy,Hollywood
Farz,Bollywood
Tehzeeb,Bollywood
Humko Deewana Kar Gaye,Bollywood
Shaadi Ke Side Effects,Bollywood
Ankahee,Bollywood
A Good Year,Hollywood
Snakes on a Plane,Hollywood
Daawat-e-Ishq,Bollywood
Yeh Kya Ho Raha Hai?,Bollywood
Karzzzz,Bollywood
Teree Sang: A Kidult Love Story,Bollywood
The Intouchables,Hollywood
The Girl on the Train,Hollywood
Yeh Hai Malegaon Ka Superman,Bollywood
Karz: The Burden of Truth,Bollywood
Ab... Bas!,Bollywood
Snow White and the Huntsman,Hollywood
Furious 6,Hollywood
Talladega Nights: The Ballad of Ricky Bobby,Hollywood
Dead Awake,Hollywood
Skyfall,Hollywood
Dishkiyaoon,Bollywood
Sunshine,Hollywood
The Loft,Hollywood
1408,Hollywood
Awara Paagal Deewana,Bollywood
Paint It Black,Hollywood
Adoration,Hollywood
Daddy Cool: Join the Fun,Bollywood
The Mummy: Tomb of the Dragon Emperor,Hollywood
Naksha,Bollywood
The Blackcoat's Daughter,Hollywood
Shart: The Challenge,Bollywood
Blackmail,Bollywood
Monsters University,Hollywood
Khoya Khoya Chand,Bollywood
Total Chaos,Bollywood
Keeping Up with the Joneses,Hollywood
Bachao - Inside Bhoot Hai...,Bollywood
Quantum of Solace,Hollywood
Rang De Basanti,Bollywood
Shudra the Rising,Bollywood
Her,Hollywood
Socha Na Tha,Bollywood
Victoria No. 203: Diamonds Are Forever,Bollywood
Ghostbusters,Hollywood
Viruddh... Family Comes First,Bollywood
The Da Vinci Code,Hollywood
Armaan,Bollywood
Shin Gojira,Hollywood
Impatient Vivek,Bollywood
Hyderabad Blues 2,Bollywood
Clown,Hollywood
Aap Ki Khatir,Bollywood
Pyaar Zindagi Hai,Bollywood
Shaurya: It Takes Courage to Make Right... Right,Bollywood
The Choice,Hollywood
Singh Is Kinng,Bollywood
Aks,Bollywood
United Six,Bollywood
Jodi Kya Banayi Wah Wah Ramji,Bollywood
Bas Itna Sa Khwaab Hai...,Bollywood
Chain Kulii Ki Main Kulii,Bollywood
Hidden Figures,Hollywood
Chhupa Rustam: A Musical Thriller,Bollywood
Dope,Hollywood
Buddha Mar Gaya,Bollywood
EMI: Liya Hai To Chukana Padega,Bollywood
Sisters,Hollywood
Dev D,Bollywood
Naach,Bollywood
Matru ki Bijlee ka Mandola,Bollywood
Handsome Devil,Hollywood
Meri Aashiqui,Bollywood
The Whole Truth,Hollywood
Hattrick,Bollywood
Mad Max: Fury Road,Hollywood
Conan the Barbarian,Hollywood
Raw (II),Hollywood
Dhoom Dadakka,Bollywood
Ben-Hur,Hollywood
The Internship,Hollywood
Fifty Shades of Grey,Hollywood
Freedom Writers,Hollywood
The Departed,Hollywood
The Big Short,Hollywood
Bin Phere Free Me Tere,Bollywood
Billu,Bollywood
Ek Aur Visphot,Bollywood
G.I. Joe: The Rise of Cobra,Hollywood
Sleeping Beauty,Hollywood
Soch Lo,Bollywood
The Amazing Spider-Man 2,Hollywood
Babloo Happy Hai,Bollywood
10 Cloverfield Lane,Hollywood
Maximum,Bollywood
Ghost Rider,Hollywood
Manjunath,Bollywood
Anna Karenina,Hollywood
Yaadein...,Bollywood
Koi Mere Dil Mein Hai,Bollywood
Masti Express,Bollywood
Victor Frankenstein,Hollywood
Terminator Genisys,Hollywood
Old Boy,Hollywood
Pranali: The Tradition,Bollywood
It Follows,Hollywood
Ghaav: The Wound,Bollywood
Hum Dum,Bollywood
The Nice Guys,Hollywood
Rescue Dawn,Hollywood
Barah Aana,Bollywood
A Sublime Love Story: Barsaat,Bollywood
Detective Naani,Bollywood
Home,Hollywood
The Shaukeens,Bollywood
Khwaabb,Bollywood
Hawayein,Bollywood
The Hero: Love Story of a Spy,Bollywood
Ek Chhotisi Love Story,Bollywood
Madhoshi,Bollywood
London Paris New York,Bollywood
Atonement,Hollywood
Sausage Party,Hollywood
The Avengers,Hollywood
The Other Woman,Hollywood
Om Shanti Om,Bollywood
Looper,Hollywood
Haider,Bollywood
Ekkees Toppon Ki Salaami,Bollywood
Mardaani,Bollywood
The Fountain,Hollywood
Phir Hera Pheri,Bollywood
Nanhe Jaisalmer: A Dream Come True,Bollywood
Raghu Romeo,Bollywood
Souten: The Other Woman,Bollywood
Juno,Hollywood
Khel,Bollywood
The Stanford Prison Experiment,Hollywood
Kya Yahi Sach Hai,Bollywood
The Butler,Hollywood
La migliore offerta,Hollywood
Once Upon a Time in Mumbai,Bollywood
Mr Ya Miss,Bollywood
Samrat & Co.,Bollywood
Apocalypto,Hollywood
Overtime,Bollywood
Dear Zindagi,Hollywood
404: Error Not Found,Bollywood
Apaharan,Bollywood
Garam Masala,Bollywood
The Strangers,Hollywood
White Girl,Hollywood
Sucker Punch,Hollywood
Queen,Bollywood
Shortcut Romeo,Bollywood
Shree,Bollywood
The Age of Shadows,Hollywood
Zeher,Bollywood
The Secret Life of Walter Mitty,Hollywood
The Ridiculous 6,Hollywood
Pain & Gain,Hollywood
Chitkabrey,Bollywood
Focus,Hollywood
Superstar,Bollywood
Blue Jasmine,Hollywood
Transpecos,Hollywood
Spark,Bollywood
The President Is Coming,Bollywood
Insurgent,Hollywood
No Smoking,Bollywood
Morning Walk,Bollywood
Burnt,Hollywood
Couples Retreat,Hollywood
Crawlspace,Hollywood
44181,Bollywood
The Void,Hollywood
Station,Bollywood
Hunger,Hollywood
Officer,Bollywood
The 9th Life of Louis Drax,Hollywood
Shukriya: Till Death Do Us Apart,Bollywood
Zodiac,Hollywood
Snowpiercer,Hollywood
Dhamaal,Bollywood
Gulaal,Bollywood
Gods of Egypt,Hollywood
Speed,Bollywood
Whisky Galore,Hollywood
Ted,Hollywood
Peepli (Live),Bollywood
Stake Land,Hollywood
August Rush,Hollywood
Movie 43,Hollywood
Ra.One,Bollywood
Khichdi: The Movie,Bollywood
La La Land,Hollywood
Bronson,Hollywood
Triple 9,Hollywood
Cars 2,Hollywood
Kash... Aap Hamare Hote,Bollywood
Bajatey Raho,Bollywood
Fences,Hollywood
X-Men Origins: Wolverine,Hollywood
In Dubious Battle,Hollywood
Aasma: The Sky Is the Limit,Bollywood
What's Your Number?,Hollywood
Chaalis Chauraasi,Bollywood
Pompeii,Hollywood
Unforgettable,Bollywood
Koi Mere Dil Se Poochhe,Bollywood
John Day,Bollywood
The Lives of Others,Hollywood
My Friend Ganesha,Bollywood
Disaster Movie,Hollywood
Chhodo Kal Ki Baatein,Bollywood
36 China Town,Bollywood
Bride Wars,Hollywood
Raavan,Bollywood
Paa,Bollywood
The VVitch: A New-England Folktale,Hollywood
L'avenir,Hollywood
Dhoom: 3,Bollywood
Hair is Falling: A Serious Comedy Film,Bollywood
Avengers: Age of Ultron,Hollywood
Sab Kuch Hai Kuch Bhi Nahin,Bollywood
Horror Story,Bollywood
Hijack,Bollywood
Traffic Signal,Bollywood
Home Delivery: Aapko... Ghar Tak,Bollywood
Halla Bol,Bollywood
Jhoom Barabar Jhoom,Bollywood
Phir Milenge,Bollywood
Vivah,Bollywood
The Belko Experiment,Hollywood
Happy Husbands,Bollywood
Equals,Hollywood
Damadamm!,Bollywood
Kung Fu Panda,Hollywood
The Midnight Meat Train,Hollywood
En man som heter Ove,Hollywood
Anthropoid,Hollywood
Viking,Hollywood
Hari Puttar: A Comedy of Terrors,Bollywood
Anjaana Anjaani,Bollywood
Vadh,Bollywood
The Dirty Picture,Bollywood
Prague,Bollywood
Hello Zindagi,Bollywood
Moon,Hollywood
The Film,Bollywood
Chaarfutiya Chhokare,Bollywood
Wakefield,Hollywood
Nayak: The Real Hero,Bollywood
Dil Hai Tumhaara,Bollywood
Vaastu Shastra,Bollywood
The Place Beyond the Pines,Hollywood
Annie,Hollywood
Nasha,Bollywood
Mumbai Se Aaya Mera Dost,Bollywood
Ab Ke Baras,Bollywood
The Hollars,Hollywood
Nautanki Saala!,Bollywood
Gangoobai,Bollywood
Begin Again,Hollywood
Ittefaq,Bollywood
Pehli Nazar Ka Pyaar,Bollywood
50/50,Hollywood
Hastey Hastey Follow Your Heart,Bollywood
Daal Mein kuch kaala hai,Bollywood
F.A.L.T.U,Bollywood
Karar: The Deal,Bollywood
Bodyguard,Bollywood
Spectre,Hollywood
Dedh Ishqiya,Bollywood
Krantiveer: The Revolution,Bollywood
Gangs of Wasseypur,Bollywood
Saare Jahaan Se Mehnga...,Bollywood
Baghban,Bollywood
Kicks,Hollywood
Popstar: Never Stop Never Stopping,Hollywood
Stand By,Bollywood
Pizza,Bollywood
"Hello, My Name Is Doris",Hollywood
Bumboo,Bollywood
Triangle,Hollywood
Gauri: The Unborn,Bollywood
The Legend of Tarzan,Hollywood
Krrish,Bollywood
Miley - Naa Miley - Hum,Bollywood
Zahreela,Bollywood
Pirates of the Caribbean: On Stranger Tides,Hollywood
Little Miss Sunshine,Hollywood
X-Men: The Last Stand,Hollywood
Ehsaas: The Feeling,Bollywood
Demolition,Hollywood
The Expendables 3,Hollywood
Free State of Jones,Hollywood
Saving Mr. Banks,Hollywood
Love & Other Drugs,Hollywood
Miss Sloane,Hollywood
Mumbai Delhi Mumbai,Bollywood
The A-Team,Hollywood
Dragonball Evolution,Hollywood
American Hustle,Hollywood
Saari Raat,Bollywood
Mumbai Diaries,Bollywood
Kiss Kis Ko,Bollywood
Inherent Vice,Hollywood
Sarkar Raj,Bollywood
Jurm,Bollywood
The Skin I Live In,Hollywood
Salaam Namaste,Bollywood
Once Upon a Time in Mumbai Dobaara!,Bollywood
Risk,Bollywood
Finding Fanny,Bollywood
Chatur Singh Two Star,Bollywood
Haal-e-Dil,Bollywood
Ru-Ba-Ru,Bollywood
The Japanese Wife,Bollywood
Shaadi No. 1,Bollywood
Mujhe Meri Biwi Se Bachaao,Bollywood
Mommy,Hollywood
5- 25- 77,Hollywood
Future to Bright Hai Ji,Bollywood
Hungama,Bollywood
Rules Don't Apply,Hollywood
Ekk Deewana Tha,Bollywood
Gang of Ghosts,Bollywood
Main Tera Hero,Bollywood
Wedding Planners,Bollywood
Veer Savarkar,Bollywood
Lamhaa: The Untold Story of Kashmir,Bollywood
Men in Black 3,Hollywood
Bobby Jasoos,Bollywood
Lucky Number Slevin,Hollywood
Khiladi 786,Bollywood
The Lobster,Hollywood
Jaane Tu... Ya Jaane Na,Bollywood
Luck,Bollywood
Thor,Hollywood
Mere Dost Picture Abhi Baaki Hai,Bollywood
Taare Zameen Par,Bollywood
Dil Diya Hai,Bollywood
Total Recall,Hollywood
Jason Bourne,Hollywood
Avatar,Hollywood
Babel,Hollywood
The Dark Knight,Hollywood
The Babysitters,Hollywood
Dehraadun Diary,Bollywood
Creature,Bollywood
Mickey Virus,Bollywood
The Black Room,Hollywood
Krazzy 4,Bollywood
Kaaboo,Bollywood
The Mist,Hollywood
Raqeeb,Bollywood
Chal Bhaag,Bollywood
Kahaani Gudiya Ki...: True Story of a Woman,Bollywood
Idiocracy,Hollywood
Born to Hate... Destined to Love,Bollywood
Housefull 2,Bollywood
One Two Three,Bollywood
Ishq Qayamat,Bollywood
The Expendables 2,Hollywood
Aap Kaa Surroor: The Moviee - The Real Luv Story,Bollywood
Eye in the Sky,Hollywood
Let's Dance,Bollywood
Deepwater Horizon,Hollywood
Mr. Brooks,Hollywood
Pran Jaaye Par Shaan Na Jaaye,Bollywood
Into the Forest,Hollywood
Aazaan,Bollywood
Neal 'N' Nikki,Bollywood
Bhoot Returns,Bollywood
Tutiya Dil,Bollywood
300,Hollywood
Paying Guests,Bollywood
Khushi,Bollywood
Pan,Hollywood
Dil Ka Rishta,Bollywood
Bombay to Bangkok,Bollywood
Pyaar Mein Twist,Bollywood
Secret in Their Eyes,Hollywood
My Friend Ganesha 2,Bollywood
The Equalizer,Hollywood
Funny Games,Hollywood
Honeymoon Travels Pvt. Ltd.,Bollywood
Aladin,Bollywood
The Do-Over,Hollywood
2 States,Bollywood
Get Hard,Hollywood
Lucky Kabootar,Bollywood
Mission Istaanbul: Darr Ke Aagey Jeet Hai!,Bollywood
Naughty @ 40,Bollywood
Busanhaeng,Hollywood
Kahin Hai Mera Pyar,Bollywood
Bhagam Bhag,Bollywood
Fox,Bollywood
Nocturnal Animals,Hollywood
Wolves at the Door,Hollywood
Nightcrawler,Hollywood
Ramji Londonwaley,Bollywood
Shabd,Bollywood
Viral,Hollywood
Desh,Bollywood
Zubeidaa,Bollywood
Mirchi: It's Hot,Bollywood
Parwana,Bollywood
Realive,Hollywood
Lakshya,Bollywood
Drive,Hollywood
The Wolverine,Hollywood
Rafoo Chakkar: Fun on the Run,Bollywood
Life Ki Toh Lag Gayi,Bollywood
Jupiter Ascending,Hollywood
Heyy Babyy,Bollywood
Underworld Awakening,Hollywood
The Road,Hollywood
99,Bollywood
42,Hollywood
Regression,Hollywood
Issaq,Bollywood
44106,Bollywood
Step Up 2: The Streets,Hollywood
The Human Centipede (First Sequence),Hollywood
Hum Tum Shabana,Bollywood
Transformers,Hollywood
Maa Tujhhe Salaam,Bollywood
The Golden Boys,Bollywood
Tashan,Bollywood
The Judge,Hollywood
Underworld: Blood Wars,Hollywood
Pirates of the Caribbean: At World's End,Hollywood
Miss Peregrine's Home for Peculiar Children,Hollywood
Luv Shuv Tey Chicken Khurana,Bollywood
Kaanchi,Bollywood
The Twilight Saga: Breaking Dawn - Part 2,Hollywood
Queen of Katwe,Hollywood
Amit Sahni Ki List,Bollywood
Despicable Me 2,Hollywood
Boond,Bollywood
Jai Ho,Bollywood
Argo,Hollywood
Raajneeti,Bollywood
Hunt for the Wilderpeople,Hollywood
Perfetti sconosciuti,Hollywood
Need for Speed,Hollywood
Inferno,Hollywood
Game,Bollywood
Pinjar,Bollywood
Johnny Gaddaar,Bollywood
Captain Phillips,Hollywood
PK,Hollywood
Himmatwala,Bollywood
Death Race,Hollywood
Lakeer - Forbidden Lines,Bollywood
Wake Up Sid,Bollywood
Machhli Jal Ki Rani Hai,Bollywood
Karle Pyaar Karle,Bollywood
Chup Chup Ke,Bollywood
Gangster,Bollywood
Shaadi Se Pehle,Bollywood
Deuces,Hollywood
Hot Fuzz,Hollywood
Rowdy Rathore,Bollywood
"Crazy, Stupid, Love.",Hollywood
31,Hollywood
Aksar,Bollywood
Ghost,Bollywood
Koyelaanchal,Bollywood
Khushboo: The Fragraance of Love,Bollywood
Frantz,Hollywood
Diary of a Wimpy Kid: Dog Days,Hollywood
Tum Mile,Bollywood
Gravity,Hollywood
Changeling,Hollywood
Chappie,Hollywood
Brimstone,Hollywood
Legend,Hollywood
Bhool Bhulaiyaa,Bollywood
Beautiful Creatures,Hollywood
Bittoo Boss,Bollywood
Gangobai,Bollywood
Always Kabhi Kabhi,Bollywood
Captain America: The First Avenger,Hollywood
The Disappointments Room,Hollywood
Watchmen,Hollywood
3 Days to Kill,Hollywood
Hello Hum Lallann Bol Rahe Hain,Bollywood
Lava Kusa: The Warrior Twins,Bollywood
Trolls,Hollywood
Midnight Special,Hollywood
Contratiempo,Hollywood
Jack Ryan: Shadow Recruit,Hollywood
Sex Tape,Hollywood
Love Breakups Zindagi,Bollywood
Gumnaam: The Mystery,Bollywood
A Hologram for the King,Hollywood
Before We Go,Hollywood
Shooter,Hollywood
Zombieland,Hollywood
Jeena Sirf Merre Liye,Bollywood
Hawa,Bollywood
The Grand Budapest Hotel,Hollywood
The Train: Some Lines Shoulder Never Be Crossed...,Bollywood
Kick-Ass 2,Hollywood
Sankat City,Bollywood
Waah! Tera Kya Kehna,Bollywood
Journey Bombay to Goa: Laughter Unlimited,Bollywood
Road to Sangam,Bollywood
Zindagi Na Milegi Dobara,Bollywood
Jab Tak Hai Jaan,Bollywood
Moana,Hollywood
Lovesong,Hollywood
Sins,Bollywood
Hansa,Bollywood
Teesri Aankh: The Hidden Camera,Bollywood
Teen Patti,Bollywood
Tujhe Meri Kasam,Bollywood
Yaar Meri Zindagi,Bollywood
The Imitation Game,Hollywood
The Danish Girl,Hollywood
Kabhi Alvida Naa Kehna,Bollywood
Swades,Bollywood
Kalyug,Bollywood
Storks,Hollywood
1920: Evil Returns,Bollywood
Bhram: An Illusion,Bollywood
LOC: Kargil,Bollywood
Insaaf: The Justice,Bollywood
The Bourne Ultimatum,Hollywood
Hate Story,Bollywood
Southpaw,Hollywood
Nerve,Hollywood
Unknown,Hollywood
Fracture,Hollywood
Cocktail,Bollywood
City of Gold - Mumbai 1982: Ek Ankahee Kahani,Bollywood
Hum Tum Aur Ghost,Bollywood
Battleship,Hollywood
Happy Ending,Bollywood
The Walk,Hollywood
Pirates of the Caribbean: Dead Man's Chest,Hollywood
Taj Mahal: An Eternal Love Story,Bollywood
Girlfriend,Bollywood
Kamaal Dhamaal Malamaal,Bollywood
Chanchal,Bollywood
Chingaari,Bollywood
Bheja Fry,Bollywood
Omkara,Bollywood
Fanaa,Bollywood
Dil Kabaddi,Bollywood
Kaminey: The Scoundrels,Bollywood
Man on a Ledge,Hollywood
Sarkar,Bollywood
Sadiyaan: Boundaries Divide... Love Unites,Bollywood
Paris pieds nus,Hollywood
Max,Hollywood
Diary of a Wimpy Kid: Rodrick Rules,Hollywood
Black Swan,Hollywood
The Babadook,Hollywood
Dhan Dhana Dhan Goal,Bollywood
Creed,Hollywood
Humein Tumse Pyar Ho Gaya Chupke Chupke,Bollywood
Bone Tomahawk,Hollywood
The Man Who Knew Infinity,Hollywood
Vaada,Bollywood
The Pursuit of Happyness,Hollywood
Fukrey,Bollywood
John Carter,Hollywood
Black,Bollywood
That Awkward Moment,Hollywood
Murder,Bollywood
Goliyon Ki Rasleela Ram-Leela,Bollywood
Login,Bollywood
Mujhse Dosti Karoge!,Bollywood
Zindaggi Rocks,Bollywood
The Dressmaker,Hollywood
13B: Fear Has a New Address,Bollywood
Chura Liyaa Hai Tumne,Bollywood
My Name Is Khan,Bollywood
Closed Circuit,Hollywood
Tomorrowland,Hollywood
Love Khichdi,Bollywood
Tulsi: Mathrudevobhava,Bollywood
Grand Masti,Bollywood
Joy,Hollywood
Prince,Bollywood
Chhota Bheem and the Curse of Damyaan,Bollywood
Rok Sako To Rok Lo,Bollywood
Angel,Bollywood
Chaar Din Ki Chandni,Bollywood
Mumbai Mast Kallander,Bollywood
Slumdog Millionaire,Hollywood
Nehlle Pe Dehlla,Bollywood
Tango Charlie,Bollywood
Chor chor super chor,Bollywood
Queens! Destiny of Dance,Bollywood
Joker,Bollywood
If I Stay,Hollywood
The Magnificent Seven,Hollywood
Malamaal Weekly,Bollywood
De Dana Dan,Bollywood
Scott Pilgrim vs. the World,Hollywood
Free Fire,Hollywood
Chakravyuh,Bollywood
Pandorum,Hollywood
Dhol,Bollywood
Megan Is Missing,Hollywood
Qayamat: City Under Threat,Bollywood
A Flat,Bollywood
Jodi Breakers,Bollywood
Teen Thay Bhai,Bollywood
American Pastoral,Hollywood
Aisha,Bollywood
Miss India: The Mystery,Bollywood
Maruti Mera Dosst,Bollywood
12 Years a Slave,Hollywood
Rog,Bollywood
New York,Bollywood
Aamir,Bollywood
Kung Fu Panda 3,Hollywood
Janasheen,Bollywood
The Promise,Hollywood
88 Antop Hill,Bollywood
Chase,Bollywood
The Gambler,Hollywood
City of Tiny Lights,Hollywood
The Gunman,Hollywood
Wanted,Hollywood
Love Story 2050,Bollywood
Forgetting Sarah Marshall,Hollywood
Aitraaz,Bollywood
7 1/2 Phere: More Than a Wedding,Bollywood
Darr @ the Mall,Bollywood
Help,Bollywood
Dil Jo Bhi Kahey...,Bollywood
Incendies,Hollywood
Get Educated: Paathshaala,Bollywood
Coherence,Hollywood
Knight of Cups,Hollywood
Blood Money,Bollywood
The Hateful Eight,Hollywood
Gran Torino,Hollywood
Tere Bin Laden,Bollywood
Joggers' Park,Bollywood
Lagaan: Once Upon a Time in India,Bollywood
Satta,Bollywood
Tropic Thunder,Hollywood
Up,Hollywood
Kick,Bollywood
The Fighter,Hollywood
Victory,Bollywood
Jaal: The Trap,Bollywood
Keanu,Hollywood
Gandhi to Hitler,Bollywood
Warning,Bollywood
RocknRolla,Hollywood
Hum Tumhare Hain Sanam,Bollywood
Manchester by the Sea,Hollywood
Love at Times Square,Bollywood
Haunted - 3D,Bollywood
Kya Love Story Hai,Bollywood
Dawn of the Planet of the Apes,Hollywood
In the Heart of the Sea,Hollywood
King Cobra,Hollywood
Samay: When Time Strikes,Bollywood
Soundtrack,Bollywood
Filth,Hollywood
Jayantabhai Ki Luv Story,Bollywood
Maan Gaye Mughall-E-Azam,Bollywood
Bachelor Party,Bollywood
Zinda,Bollywood
Ragini MMS,Bollywood
Aakrosh,Bollywood
Colossal,Hollywood
All Good Things,Hollywood
Star Wars: Episode VII - The Force Awakens,Hollywood
Bengaloored,Bollywood
Pyaar Ka Punchnama,Bollywood
Elaan,Bollywood
Moneyball,Hollywood
Bumm Bumm Bole,Bollywood
The Hobbit: An Unexpected Journey,Hollywood
Ooops a Desi,Bollywood
Bad Luck Govind,Bollywood
Laaga Chunari Mein Daag: Journey of a Woman,Bollywood
Agyaat: The Unknown,Bollywood
Steve Jobs,Hollywood
Satyagraha,Bollywood
Zid,Bollywood
I Am the Pretty Thing That Lives in the House,Hollywood
Mumbai 125 KM 3D,Bollywood
Dunno Y Na Jaane Kyun...,Bollywood
Bhaag Milkha Bhaag,Bollywood
Do Knot Disturb,Bollywood
Bubble Gum,Bollywood
Good Luck!,Bollywood
Tum: A Dangerous Obsession,Bollywood
Prometheus,Hollywood
The Last Witch Hunter,Hollywood
Savages,Hollywood
Limitless,Hollywood
Bacalaureat,Hollywood
Shut In,Hollywood
Dark Places,Hollywood
Baaz: A Bird in Danger,Bollywood
Gadar: Ek Prem Katha,Bollywood
God Tussi Great Ho,Bollywood
Siddharth: The Prisoner,Bollywood
Myoho,Bollywood
Exodus: Gods and Kings,Hollywood
Diary of a Wimpy Kid,Hollywood
The Counselor,Hollywood
Yeh Hai Pyar Ka Mausam,Bollywood
"Alexander and the Terrible, Horrible, No Good, Very Bad Day",Hollywood
Neighbours,Bollywood
Grown Ups 2,Hollywood
Jawani Diwani: A Youthful Joyride,Bollywood
Shuruaat Ka Interval,Bollywood
Hasee Toh Phasee,Bollywood
Ted 2,Hollywood
Heroes,Bollywood
Bardaasht,Bollywood
The Guru,Bollywood
A Walk Among the Tombstones,Hollywood
Mumbai's King,Bollywood
Locke,Hollywood
Chalo Dilli,Bollywood
Force,Bollywood
Cycle Kick,Bollywood
Ek Hasina Thi,Bollywood
Kynodontas,Hollywood
A Quiet Passion,Hollywood
Ahista Ahista,Bollywood
21,Hollywood
L'odyssée,Hollywood
Entourage,Hollywood
Arjun: The Warrior Prince,Bollywood
Fun2shh... Dudes in the 10th Century,Bollywood
The Boy,Hollywood
Lakshmi,Bollywood
Ungli,Bollywood
The Great Gatsby,Hollywood
Sleight,Hollywood
Grahan,Bollywood
Remember Me,Hollywood
Scouts Guide to the Zombie Apocalypse,Hollywood
Spotlight,Hollywood
Zipper,Hollywood
Jism 2,Bollywood
Maazii,Bollywood
Mindhorn,Hollywood
Khoobsurat,Bollywood
17 Again,Hollywood
Red Swastik,Bollywood
Up in the Air,Hollywood
Phata Poster Nikhla Hero,Bollywood
Pitch Perfect 2,Hollywood
The Shallows,Hollywood
Man of Steel,Hollywood
Mother's Day,Hollywood
Chaahat Ek Nasha...,Bollywood
Krishna Aur Kans,Bollywood
Noah,Hollywood
Mittal v/s Mittal,Bollywood
Kuku Mathur Ki Jhand Ho Gayi,Bollywood
Mashooka,Bollywood
Om,Bollywood
I See You,Bollywood
Kuch Tum Kaho Kuch Hum Kahein,Bollywood
Muskaan,Bollywood
The Levelling,Hollywood
Bachna Ae Haseeno,Bollywood
Resident Evil: The Final Chapter,Hollywood
Market,Bollywood
23rd March 1931: Shaheed,Bollywood
The Last Airbender,Hollywood
...Yahaan,Bollywood
Mike and Dave Need Wedding Dates,Hollywood
Shutter Island,Hollywood
Unfriended,Hollywood
Harry Potter and the Order of the Phoenix,Hollywood
World Cupp 2011,Bollywood
Grindhouse,Hollywood
Beowulf,Hollywood
A Strange Love Story,Bollywood
Phir Kabhi,Bollywood
Lootera,Bollywood
Don 2,Bollywood
Goosebumps,Hollywood
Raaz: The Mystery Continues,Bollywood
Ek Se Badhkar Ek,Bollywood
Gumnam Qatil,Bollywood
Filhaal...,Bollywood
The Blind Side,Hollywood
The Edge of Seventeen,Hollywood
Maharathi,Bollywood
Rocky Balboa,Hollywood
The Theory of Everything,Hollywood
Dor,Bollywood
Mechanic: Resurrection,Hollywood
The Lunchbox,Bollywood
Vikalp,Bollywood
Ramayana: The Epic,Bollywood
The Intern,Hollywood
Acid Factory,Bollywood
Detour,Hollywood
Anamika: The Untold Story,Bollywood
Maleficent,Hollywood
Green Room,Hollywood
Olympus Has Fallen,Hollywood
Notorious,Hollywood
Arjun Devaa,Bollywood
Diary of a Butterfly,Bollywood
RockStar,Bollywood
Dil Chahta Hai,Bollywood
Paanch,Bollywood
Do Dooni Chaar,Bollywood
Badhaai Ho Badhaai,Bollywood
Shootout at Wadala,Bollywood
Murder 3,Bollywood
Jajantaram Mamantaram,Bollywood
Kal: Yesterday and Tomorrow,Bollywood
The Hunger Games,Hollywood
Gangster Squad,Hollywood
Hawas,Bollywood
I Proud to Be an Indian,Bollywood
The Intent,Hollywood
Rush,Hollywood
Heroine,Bollywood
Mumbai Salsa,Bollywood
I Hate Luv Storys,Bollywood
Musafir,Bollywood
Dhoop,Bollywood
Meenaxi: Tale of 3 Cities,Bollywood
Aamras: The Sweet Taste of Friendship,Bollywood
Teenage Mutant Ninja Turtles: Out of the Shadows,Hollywood
Zack and Miri Make a Porno,Hollywood
Love Express,Bollywood
The Illusionist,Hollywood
RoboCop,Hollywood
Haan Maine Bhi Pyaar Kiya,Bollywood
Bbuddah Hoga Terra Baap,Bollywood
Slither,Hollywood
Escape Plan,Hollywood
Shabri,Bollywood
Hacker,Hollywood
Pete's Dragon,Hollywood
22 Jump Street,Hollywood
Purani Jeans,Bollywood
Agneepath,Bollywood
Mokssh,Bollywood
Mr Prime Minister,Bollywood
You Don't Mess with the Zohan,Hollywood
The Escort,Hollywood
Naina,Bollywood
Ta Ra Rum Pum,Bollywood
Angry Young Man,Bollywood
The Thinning,Hollywood
Saaya,Bollywood
Hulla,Bollywood
Cloverfield,Hollywood
Elysium,Hollywood
Don Jon,Hollywood
Aurangzeb,Bollywood
Yamla Pagla Deewana,Bollywood
Trapped in Tradition: Rivaaz,Bollywood
Tumsa Nahin Dekha,Bollywood
Denial,Hollywood
Iron Man Three,Hollywood
Moonrise Kingdom,Hollywood
Red: The Dark Side,Bollywood
Delhi Belly,Bollywood
One Day,Hollywood
El secreto de sus ojos,Hollywood
Talaash,Bollywood
The BFG,Hollywood
Sorry Bhai!,Bollywood
Le Gaya Saddam,Bollywood
Humshakals,Bollywood
Via Darjeeling,Bollywood
