Ttile,Category
Ex Machina,Movies
Lanka,Movies
Sultan Pur Majra ,Indian_Cities
Dewas ,Indian_Cities
Housefull,Movies
We're the Millers,Movies
Maharana Pratap: The First Freedom Fighter,Movies
That Awkward Moment,Movies
The Maze Runner,Movies
Murwara ,Indian_Cities
Musafir,Movies
Home Delivery: Aapko... Ghar Tak,Movies
Sorry Bhai!,Movies
Desh,Movies
The Hunger Games,Movies
Hasee Toh Phasee,Movies
Jab Tak Hai Jaan,Movies
Love Story 2050,Movies
Puruliya ,Indian_Cities
Rocky Balboa,Movies
Ek Hindustani,Movies
A Strange Love Story,Movies
Bhavnagar ,Indian_Cities
Clash of the Titans,Movies
Thoothukkudi ,Indian_Cities
Sarkar,Movies
Creed,Movies
Khamoshh... Khauff Ki Raat,Movies
Lava Kusa: The Warrior Twins,Movies
Chuck,Movies
Cocktail,Movies
The Intouchables,Movies
Satrangee Parachute,Movies
Gori Tere Pyaar Mein,Movies
Thiruvananthapuram ,Indian_Cities
Idiocracy,Movies
No Strings Attached,Movies
Sarkar Raj,Movies
Beyond the Gates,Movies
Coraline,Movies
Busanhaeng,Movies
Super Nani,Movies
The Lobster,Movies
Gandhinagar ,Indian_Cities
Warangal ,Indian_Cities
G.I. Joe: Retaliation,Movies
Mixed Doubles,Movies
Red Dawn,Movies
The Sea of Trees,Movies
Chor Machaaye Shor,Movies
Mandsaur ,Indian_Cities
The Incredible Hulk,Movies
Shiva,Movies
Bhopal ,Indian_Cities
"Alexander and the Terrible, Horrible, No Good, Very Bad Day",Movies
Aao Wish Karein,Movies
Divergent,Movies
The Twilight Saga: Breaking Dawn - Part 1,Movies
Meerut ,Indian_Cities
Kicks,Movies
Munnabhai M.B.B.S.,Movies
Pitaah,Movies
Mujhse Dosti Karoge!,Movies
We Need to Talk About Kevin,Movies
Daddy Cool: Join the Fun,Movies
Love Ke Liye Kuch Bhi Karega,Movies
Raghu Romeo,Movies
Deewane Huye Paagal,Movies
Warcraft,Movies
P.S. I Love You,Movies
Chura Liyaa Hai Tumne,Movies
Maze Runner: The Scorch Trials,Movies
Jupiter Ascending,Movies
Dus Kahaniyaan,Movies
Tomorrowland,Movies
Ghazipur ,Indian_Cities
Dus Tola,Movies
Desi Boyz,Movies
Souten: The Other Woman,Movies
Nangloi Jat ,Indian_Cities
Barnala ,Indian_Cities
Welcome,Movies
Basirhat ,Indian_Cities
Aamdani Atthanni Kharcha Rupaiya,Movies
The Strangers,Movies
Waqt: The Race Against Time,Movies
Rambo,Movies
Gondiya ,Indian_Cities
Regression,Movies
The Loft,Movies
Ladies vs. Ricky Bahl,Movies
Tujhe Meri Kasam,Movies
Drona,Movies
Melancholia,Movies
A United Kingdom,Movies
Varanasi ,Indian_Cities
Laaga Chunari Mein Daag: Journey of a Woman,Movies
Kya Dilli Kya Lahore,Movies
Bridesmaids,Movies
Changeling,Movies
Rogue One,Movies
Khakee,Movies
Lagaan: Once Upon a Time in India,Movies
The Lone Ranger,Movies
About Time,Movies
5ters: Castle of Dark Master,Movies
Max,Movies
Bombay Talkies,Movies
Main Aurr Mrs Khanna,Movies
Sawai Madhopur ,Indian_Cities
Hum Tumhare Hain Sanam,Movies
Need for Speed,Movies
Mike and Dave Need Wedding Dates,Movies
44106,Movies
Pineapple Express,Movies
Gumnaam: The Mystery,Movies
Rupture,Movies
Dhan Dhana Dhan Goal,Movies
Paris pieds nus,Movies
Iris,Movies
Iron Man Three,Movies
Dev D,Movies
Motihari ,Indian_Cities
High-Rise,Movies
London Has Fallen,Movies
Hawaa Hawaai,Movies
Jai Veeru: Friends Forever,Movies
Step Brothers,Movies
Darjiling ,Indian_Cities
Deuces,Movies
Ek Aur Visphot,Movies
Veer-Zaara,Movies
The Guest,Movies
Khichdi: The Movie,Movies
Raigarh ,Indian_Cities
Gwalior ,Indian_Cities
Allahabad ,Indian_Cities
Musaa: The Most Wanted,Movies
Force,Movies
Phata Poster Nikhla Hero,Movies
Mai,Movies
3 Days to Kill,Movies
Risk,Movies
17 Again,Movies
Raipur ,Indian_Cities
Bilaspur ,Indian_Cities
Happy Husbands,Movies
Salt,Movies
The Ugly Truth,Movies
Law Abiding Citizen,Movies
Agra ,Indian_Cities
The Fast and the Furious: Tokyo Drift,Movies
Parineeta,Movies
Jaan-E-Mann: Let's Fall in Love... Again,Movies
MP3: Mera Pehla Pehla Pyaar,Movies
Pirates of the Caribbean: On Stranger Tides,Movies
Rock Dog,Movies
Jennifer's Body,Movies
Winter's Bone,Movies
Shaitan,Movies
United Six,Movies
Ajab Gazabb Love,Movies
Hercules,Movies
Raaz: The Mystery Continues,Movies
Neyveli ,Indian_Cities
12 Years a Slave,Movies
World War Z,Movies
Gangaajal,Movies
Rangrezz,Movies
Botad ,Indian_Cities
Anthony Kaun Hai?,Movies
Ambattur ,Indian_Cities
Bollywood Bound,Movies
Aabra Ka Daabra,Movies
Firozabad ,Indian_Cities
Hello Darling,Movies
Cars,Movies
Koi Mere Dil Mein Hai,Movies
Ulhasnagar ,Indian_Cities
A Good Year,Movies
1920,Movies
Delhi Belly,Movies
Dum,Movies
Ghostbusters,Movies
Aarakshan,Movies
Station,Movies
Ambala Sadar ,Indian_Cities
Mama,Movies
Bewafaa,Movies
3 Nights 4 Days,Movies
Haora ,Indian_Cities
Man on a Ledge,Movies
Malamaal Weekly,Movies
Koi Mere Dil Se Poochhe,Movies
Rocket Singh: Salesman of the Year,Movies
Revolutionary Road,Movies
Lady in the Water,Movies
Summer 2007,Movies
Batman v Superman: Dawn of Justice,Movies
Roorkee ,Indian_Cities
Mine,Movies
Delhi-6,Movies
Bengaluru,Indian_Cities
Mazaa Mazaa,Movies
Tathastu,Movies
Moana,Movies
Sleeping with Other People,Movies
The Kings of Summer,Movies
Thanesar ,Indian_Cities
Insurgent,Movies
Riyasat,Movies
Sheesha,Movies
Hisss,Movies
Shimla ,Indian_Cities
Kashipur ,Indian_Cities
Ekk Deewana Tha,Movies
Pithampur ,Indian_Cities
Shortcut Romeo,Movies
Pride and Prejudice and Zombies,Movies
Guardians of the Galaxy,Movies
Mandoli ,Indian_Cities
En man som heter Ove,Movies
Gone Girl,Movies
What's Your Raashee?,Movies
A Quiet Passion,Movies
Amateur Night,Movies
Pyaar Mein Twist,Movies
The Assassination of Jesse James by the Coward Robert Ford,Movies
Tehzeeb,Movies
RocknRolla,Movies
Hajipur ,Indian_Cities
Olympus Has Fallen,Movies
Jhoom Barabar Jhoom,Movies
Jackpot,Movies
Straight,Movies
Loot,Movies
Apna Sapna Money Money,Movies
Housefull 2,Movies
Anjaana Anjaani,Movies
Yeh Hai Bakrapur,Movies
Gulaab Gang,Movies
Shakal Pe Mat Ja,Movies
X-Men Origins: Wolverine,Movies
Qasam Se Qasam Se,Movies
Ted 2,Movies
Loving,Movies
The Wolf of Wall Street,Movies
All Good Things,Movies
The Gunman,Movies
Jaane Tu... Ya Jaane Na,Movies
Diary of a Wimpy Kid,Movies
Amit Sahni Ki List,Movies
Etawah ,Indian_Cities
Meerabai Not Out,Movies
Luv Ka the End,Movies
Underworld: Blood Wars,Movies
Point Break,Movies
Accident on Hill Road,Movies
Bonjour Anne,Movies
Uttarpara Kotrung ,Indian_Cities
Anantapur ,Indian_Cities
Men in Black 3,Movies
Aitraaz,Movies
Robin Hood,Movies
Triple 9,Movies
Kharagpur ,Indian_Cities
Supari,Movies
Bluffmaster!,Movies
Dehraadun Diary,Movies
Death Race,Movies
The Curious Case of Benjamin Button,Movies
Eagle Eye,Movies
Happy Ending,Movies
The Walk,Movies
Bacalaureat,Movies
Shin Gojira,Movies
Cash,Movies
Funny Games,Movies
Custody,Movies
Ehsaas: The Feeling,Movies
Spectre,Movies
Sangli Miraj Kupwad ,Indian_Cities
Big Hero 6,Movies
Pranali: The Tradition,Movies
Dev,Movies
Taare Zameen Par,Movies
Me Before You,Movies
Greater Mumbai ,Indian_Cities
Besharam,Movies
Srpski film,Movies
Love,Movies
Trance,Movies
Hansa,Movies
Devdas,Movies
Eklavya: The Royal Guard,Movies
EMI: Liya Hai To Chukana Padega,Movies
Bronson,Movies
Indore ,Indian_Cities
Jo Bole So Nihaal,Movies
Bikaner ,Indian_Cities
Sinister,Movies
Albela,Movies
Karam,Movies
Singh Is Kinng,Movies
Vicky Donor,Movies
Ludhiana ,Indian_Cities
Tenali ,Indian_Cities
De Taali,Movies
Monsters University,Movies
Ghajini,Movies
Censor,Movies
Muskurake Dekh Zara,Movies
Bagaha ,Indian_Cities
Life of Pi,Movies
Kaaboo,Movies
Hostel: Part II,Movies
Fight Club: Members Only,Movies
Satyagraha,Movies
Udgir ,Indian_Cities
Gangapur City ,Indian_Cities
Fast Five,Movies
Rajarhat Gopalpur ,Indian_Cities
Adoration,Movies
Paranthe Wali Gali,Movies
All the Best: Fun Begins,Movies
Genius,Movies
Yeh Mohabbat Hai,Movies
The Exception,Movies
Rescue Dawn,Movies
Murder 3,Movies
Milta Hai Chance by Chance,Movies
Underworld Awakening,Movies
Aizawl ,Indian_Cities
Ganganagar ,Indian_Cities
1408,Movies
Children of War,Movies
Jaago,Movies
Race,Movies
The Attacks of 26/11,Movies
Mahabharat,Movies
Vivah,Movies
The Fighter,Movies
End of Watch,Movies
The Avengers,Movies
Durgapur ,Indian_Cities
Moonlight,Movies
Flight,Movies
Men Will Be Men,Movies
Saving Mr. Banks,Movies
Hawa,Movies
Miss India: The Mystery,Movies
Pankh,Movies
Under the Skin,Movies
Don't Fuck in the Woods,Movies
Crook: It's Good to Be Bad,Movies
Dhaulpur ,Indian_Cities
The Counselor,Movies
Naksha,Movies
Trolls,Movies
In Dubious Battle,Movies
Dhoop,Movies
Live Free or Die Hard,Movies
American Wrestler: The Wizard,Movies
Jalpari: The Desert Mermaid,Movies
F.A.L.T.U,Movies
Victor Frankenstein,Movies
Snakes on a Plane,Movies
Tirunelveli ,Indian_Cities
Miss Sloane,Movies
Taj Mahal: A Monument of Love,Movies
Jurassic World,Movies
Sing,Movies
Delhi Cantonment ,Indian_Cities
Morning Raga,Movies
Gran Torino,Movies
Teenage Mutant Ninja Turtles,Movies
Tropic Thunder,Movies
"Chot [Aaj Isko, Kal Tereko]",Movies
Rajdhani Express,Movies
Paterson,Movies
Entertainment,Movies
Nadiad ,Indian_Cities
Calcutta Mail,Movies
Jehanabad ,Indian_Cities
Detective Naani,Movies
Awara Paagal Deewana,Movies
Bijapur ,Indian_Cities
Step Up 2: The Streets,Movies
Navi Mumbai ,Indian_Cities
Tere Liye,Movies
Luv Shuv Tey Chicken Khurana,Movies
Khoobsurat,Movies
Tere Naal Love Ho Gaya,Movies
Raqeeb,Movies
Pilibhit ,Indian_Cities
Chef,Movies
Chandni Bar,Movies
Tadepalligudem ,Indian_Cities
Dil Ne Phir Yaad Kiya,Movies
Easy A,Movies
Zeher,Movies
How to Train Your Dragon,Movies
Khap,Movies
Matru ki Bijlee ka Mandola,Movies
Pompeii,Movies
Dil Jo Bhi Kahey...,Movies
Final Girl,Movies
Lootera,Movies
Manjunath,Movies
Deewangee,Movies
Nocturnal Animals,Movies
Sully,Movies
Ab Tumhare Hawale Watan Saathiyo,Movies
Only for One Night,Movies
Take Me Home Tonight,Movies
Babloo Happy Hai,Movies
Jo Dooba So Paar: It's Love in Bihar!,Movies
Danger,Movies
Spy,Movies
Maharathi,Movies
Greater Hyderabad ,Indian_Cities
Gangobai,Movies
Kuch Tum Kaho Kuch Hum Kahein,Movies
Rog,Movies
Saathiya,Movies
Dinapur Nizamat ,Indian_Cities
Tango Charlie,Movies
Enemy,Movies
Pyaar Zindagi Hai,Movies
Unnao ,Indian_Cities
The Nice Guys,Movies
127 Hours,Movies
Neal 'N' Nikki,Movies
The Daughter,Movies
Raghu More: Bachelor of Hearts,Movies
Jodi Kya Banayi Wah Wah Ramji,Movies
Superbad,Movies
Looper,Movies
Mittal v/s Mittal,Movies
Talaash,Movies
John Wick,Movies
Keeping Up with the Joneses,Movies
Mr. Singh/Mrs. Mehta,Movies
I Origins,Movies
C U at 9,Movies
Sex and the City,Movies
Halla Bol,Movies
Tere Mere Phere,Movies
Ek Chalis Ki Last Local,Movies
Naughty @ 40,Movies
Karar: The Deal,Movies
Woh Tera Naam Tha,Movies
Friend Request,Movies
Naina,Movies
Yaar Meri Zindagi,Movies
Belgaum ,Indian_Cities
Zubeidaa,Movies
The Expendables 2,Movies
Shuddh Desi Romance,Movies
This Is the End,Movies
Jurm,Movies
Arjun: The Warrior Prince,Movies
Milenge Milenge,Movies
Il racconto dei racconti - Tale of Tales,Movies
Happy Feet,Movies
Life Is Beautiful,Movies
36 China Town,Movies
Captain America: The First Avenger,Movies
Hospet ,Indian_Cities
The Lucky One,Movies
Palanpur ,Indian_Cities
Beawar ,Indian_Cities
Bhilwara ,Indian_Cities
USS Indianapolis: Men of Courage,Movies
Masti,Movies
Annarth,Movies
The Bourne Ultimatum,Movies
Couples Retreat,Movies
Kyon?,Movies
Akhiyon Se Goli Maare,Movies
Dhokha,Movies
Exposed,Movies
Pran Jaaye Par Shaan Na Jaaye,Movies
The Imitation Game,Movies
Ongole ,Indian_Cities
Via Darjeeling,Movies
Chargesheet,Movies
Moneyball,Movies
Angel,Movies
Mughalsarai ,Indian_Cities
26th July at Barista,Movies
What If,Movies
The Disappointments Room,Movies
Zindagi Na Milegi Dobara,Movies
Legion,Movies
Kahaani,Movies
Clown,Movies
Dil Bole Hadippa!,Movies
Habra ,Indian_Cities
Tramps,Movies
Om,Movies
Lucky: No Time for Love,Movies
Navsari ,Indian_Cities
The Accountant,Movies
"LSD: Love, Sex Aur Dhokha",Movies
RoboCop,Movies
2307: Winter's Dream,Movies
Shaadi No. 1,Movies
"I, Daniel Blake",Movies
PK,Movies
Zipper,Movies
Central Intelligence,Movies
Satanic,Movies
Ek Ajnabee,Movies
My Friend Ganesha,Movies
Pune ,Indian_Cities
Dhanbad ,Indian_Cities
The Road,Movies
The Jungle Book,Movies
Morena ,Indian_Cities
Dunno Y Na Jaane Kyun...,Movies
Nymphomaniac: Vol. II,Movies
Dasvidaniya,Movies
Blair Witch,Movies
Kick-Ass 2,Movies
Darr @ the Mall,Movies
Legend,Movies
After Earth,Movies
One Two Three,Movies
Umrao Jaan,Movies
Siskiyaan,Movies
Demolition,Movies
The Twilight Saga: Breaking Dawn - Part 2,Movies
Blue Jasmine,Movies
Singham,Movies
Oye Lucky! Lucky Oye!,Movies
Run,Movies
Relatos salvajes,Movies
Heroine,Movies
Contract,Movies
Ready,Movies
Underworld: Rise of the Lycans,Movies
Shooter,Movies
Muzaffarnagar ,Indian_Cities
I See You,Movies
Taxi No. 9 2 11: Nau Do Gyarah,Movies
The Descendants,Movies
Solapur ,Indian_Cities
Game,Movies
De Dana Dan,Movies
Hisar ,Indian_Cities
Agyaat: The Unknown,Movies
Disturbia,Movies
Xcuse Me,Movies
Man of Steel,Movies
Bridge of Spies,Movies
Grahan,Movies
Toh Baat Pakki!,Movies
The Dictator,Movies
Latur ,Indian_Cities
Shaadi Ke Side Effects,Movies
Total Recall,Movies
David,Movies
The Danish Girl,Movies
Dhoom,Movies
Mehbooba,Movies
Pete's Dragon,Movies
American Reunion,Movies
Shudra the Rising,Movies
Viral,Movies
Mokssh,Movies
Family: Ties of Blood,Movies
The Expendables,Movies
Kranti,Movies
Baleshwar Town ,Indian_Cities
Ah-ga-ssi,Movies
Kingsman: The Secret Service,Movies
War on Everyone,Movies
Below Her Mouth,Movies
Darna Mana Hai,Movies
Fool N Final,Movies
My Big Fat Greek Wedding 2,Movies
Kaalo,Movies
Deoghar ,Indian_Cities
Siwan ,Indian_Cities
Kakinada ,Indian_Cities
U R My Jaan,Movies
Khelein Hum Jee Jaan Sey,Movies
Main Madhuri Dixit Banna Chahti Hoon!,Movies
Coherence,Movies
Johnny Gaddaar,Movies
Yeh Jo Mohabbat Hai,Movies
Parbhani ,Indian_Cities
Nandurbar ,Indian_Cities
Footpath,Movies
Mumbai Se Aaya Mera Dost,Movies
The Visit,Movies
The Town,Movies
Not a Love Story,Movies
Chandrapur ,Indian_Cities
Godhra ,Indian_Cities
Seoni ,Indian_Cities
The Girl Next Door,Movies
42,Movies
Shakthi: The Power,Movies
Mausam,Movies
Limitless,Movies
Ek Vivaah... Aisa Bhi,Movies
The Intern,Movies
Hastey Hastey Follow Your Heart,Movies
Dracula Untold,Movies
My Name Is Khan,Movies
Shootout at Wadala,Movies
Hathras ,Indian_Cities
Black Swan,Movies
Kota ,Indian_Cities
Steve Jobs,Movies
Lamhaa: The Untold Story of Kashmir,Movies
Bewakoofiyaan,Movies
The Lost City of Z,Movies
Mere Khwabon Mein Jo Aaye,Movies
Iron Man,Movies
Swiss Army Man,Movies
Zor Lagaa Ke... Haiya!,Movies
A Hologram for the King,Movies
9 Eleven,Movies
Whiskey Tango Foxtrot,Movies
Jason Bourne,Movies
Chand Bujh Gaya,Movies
Teen Patti,Movies
Jagdalpur ,Indian_Cities
Chennai Express,Movies
Kambakkht Ishq,Movies
The Film Emotional Atyachar,Movies
Imperium,Movies
Dekh Tamasha Dekh,Movies
A Flat,Movies
Hancock,Movies
Noah,Movies
Hunger,Movies
The Tree of Life,Movies
Paul,Movies
Guntakal ,Indian_Cities
Shahjahanpur ,Indian_Cities
Unknown,Movies
Malerkotla ,Indian_Cities
Yavatmal ,Indian_Cities
Exodus: Gods and Kings,Movies
The Man Who Knew Infinity,Movies
Life in a Metro,Movies
Daal Mein kuch kaala hai,Movies
Paheli,Movies
Prince of Persia: The Sands of Time,Movies
Sirf....: Life Looks Greener on the Other Side,Movies
Hindaun ,Indian_Cities
Tiruvannamalai ,Indian_Cities
Yeh Raaste Hain Pyaar Ke,Movies
Trip to Bhangarh,Movies
The Gift,Movies
Myoho,Movies
Aakrosh,Movies
Raja Natwarlal,Movies
Kolkata ,Indian_Cities
Riddick,Movies
Morning Walk,Movies
Ocean's Thirteen,Movies
Baran ,Indian_Cities
Jane Eyre,Movies
Lal Salaam,Movies
Kumbakonam ,Indian_Cities
Deesa ,Indian_Cities
Shagird,Movies
The Love Witch,Movies
Yeh Faasley,Movies
Pyaar Tune Kya Kiya...,Movies
White House Down,Movies
Child 44,Movies
One by Two,Movies
Pudukkottai ,Indian_Cities
Kabul Express,Movies
Toonpur Ka Superrhero,Movies
Piranha 3D,Movies
A Kind of Murder,Movies
Kisaan,Movies
Kuch Naa Kaho,Movies
Firozpur ,Indian_Cities
The Last Face,Movies
I Am Number Four,Movies
Kal Ho Naa Ho,Movies
Dhoom Dadakka,Movies
Superstar,Movies
Bird Idol,Movies
Bulandshahr ,Indian_Cities
Adilabad ,Indian_Cities
Criminal,Movies
Mickey Virus,Movies
Brahmapur Town ,Indian_Cities
Pixels,Movies
American Hustle,Movies
It's Rocking: Dard-E-Disco,Movies
Mr. Nobody,Movies
She's Out of My League,Movies
Partner,Movies
Jagadhri ,Indian_Cities
Krazzy 4,Movies
Wakefield,Movies
Step Up,Movies
Unfriended,Movies
Style,Movies
Good Kids,Movies
Humraaz,Movies
Norman: The Moderate Rise and Tragic Fall of a New York Fixer,Movies
Dhund: The Fog,Movies
Blue Valentine,Movies
Puducherry ,Indian_Cities
Lights Out,Movies
Love at Times Square,Movies
The Bad Batch,Movies
Grown Ups,Movies
Out of Control,Movies
Rise of the Zombie,Movies
Revati,Movies
Saaya,Movies
Gonda ,Indian_Cities
Kucch To Hai,Movies
My Wife's Murder,Movies
Concussion,Movies
Atonement,Movies
City of Tiny Lights,Movies
Teen Thay Bhai,Movies
The Babadook,Movies
Qayamat: City Under Threat,Movies
Jodhaa Akbar,Movies
Demain tout commence,Movies
Chhota Bheem and the Curse of Damyaan,Movies
Guwahati ,Indian_Cities
Deewaanapan,Movies
Fool's Gold,Movies
The Boss,Movies
Keanu,Movies
Action Jackson,Movies
The Light Between Oceans,Movies
American Gangster,Movies
Enchanted,Movies
Ramaiya Vastavaiya,Movies
Love U Crazy Girl,Movies
Lion,Movies
Contratiempo,Movies
Do Knot Disturb,Movies
"I, Me aur Main",Movies
Sunshine,Movies
Dum Maaro Dum,Movies
Source Code,Movies
Aashayein,Movies
Freedom Writers,Movies
Carol,Movies
Lalitpur ,Indian_Cities
Wolves at the Door,Movies
Asansol ,Indian_Cities
Siliguri ,Indian_Cities
Friends with Benefits,Movies
Super,Movies
Dragonball Evolution,Movies
Avgat,Movies
Valsad ,Indian_Cities
The Babysitters,Movies
Vellore ,Indian_Cities
Chikmagalur ,Indian_Cities
Mindhorn,Movies
Fun2shh... Dudes in the 10th Century,Movies
Bokaro Steel City ,Indian_Cities
Kya Yehi Pyaar Hai,Movies
Pirates of the Caribbean: At World's End,Movies
Badlapur ,Indian_Cities
Transformers: Dark of the Moon,Movies
Goosebumps,Movies
Hum Ho Gaye Aap Ke,Movies
Janleva 555,Movies
Dallas Buyers Club,Movies
Gulaal,Movies
Rush,Movies
Tiruppur ,Indian_Cities
Raurkela Industrial Township ,Indian_Cities
The Lunchbox,Movies
A Wednesday,Movies
Juno,Movies
Chalk It Up,Movies
7 1/2 Phere: More Than a Wedding,Movies
Resident Evil: The Final Chapter,Movies
Orai ,Indian_Cities
Pimpri Chinchwad ,Indian_Cities
American Honey,Movies
Don Muthu Swami,Movies
Kyaa Super Kool Hain Hum,Movies
Fallen,Movies
Muktsar ,Indian_Cities
Pyaasa,Movies
Narasaraopet ,Indian_Cities
Yeh Kaisi Mohabbat,Movies
Naihati ,Indian_Cities
Srinagar ,Indian_Cities
Bansberia ,Indian_Cities
Brave,Movies
Turning 30!!!,Movies
Once Upon a Time in Mumbai Dobaara!,Movies
Khel,Movies
Hastsal ,Indian_Cities
Everest,Movies
Ben-Hur,Movies
Centurion,Movies
Nagapattinam ,Indian_Cities
Boyhood,Movies
My Friend Ganesha 2,Movies
Hotel Transylvania 2,Movies
Paying Guests,Movies
Arrah ,Indian_Cities
The Dirty Picture,Movies
The Comedian,Movies
The Princess and the Frog,Movies
Maseeha,Movies
Coimbatore ,Indian_Cities
Jaani Dushman: Ek Anokhi Kahani,Movies
Chillar Party,Movies
Adityapur ,Indian_Cities
Le Gaya Saddam,Movies
White Girl,Movies
Moon,Movies
Nanhe Jaisalmer: A Dream Come True,Movies
Naam Gum Jaayega,Movies
Nashik ,Indian_Cities
My Friend Ganesha 3,Movies
Khargone ,Indian_Cities
The Purge: Election Year,Movies
Koi Aap Sa: But Lovers Have to Be Friends,Movies
Abohar ,Indian_Cities
This Beautiful Fantastic,Movies
Bettiah ,Indian_Cities
New Delhi ,Indian_Cities
Now You See Me,Movies
Journey Bombay to Goa: Laughter Unlimited,Movies
What the Fish,Movies
Dor,Movies
Don,Movies
The Belko Experiment,Movies
Mango ,Indian_Cities
Bleed for This,Movies
Jugaad,Movies
Mirchi: It's Hot,Movies
Kisse Pyaar Karo?n,Movies
Tum Bin...: Love Will Find a Way,Movies
Goliyon Ki Rasleela Ram-Leela,Movies
We Are Family,Movies
Dindigul ,Indian_Cities
Chase,Movies
Gold,Movies
Jack Reacher,Movies
The Social Network,Movies
Ek Aur Ek Gyarah: By Hook or by Crook,Movies
Kasganj ,Indian_Cities
Yeh Jawaani Hai Deewani,Movies
Nigehbaan: The Third Eye,Movies
The Hateful Eight,Movies
Mary Kom,Movies
The Amazing Spider-Man,Movies
Acid Factory,Movies
Zahreela,Movies
Chakradhaar,Movies
3G - A Killer Connection,Movies
Osmanabad ,Indian_Cities
Hum Pyar Tumhi Se Kar Baithe,Movies
Chhota Bheem and the Throne of Bali,Movies
Ozhukarai ,Indian_Cities
U Me Aur Hum,Movies
Aagaah: The Warning,Movies
Slither,Movies
Pacific Rim,Movies
Wedding Planners,Movies
Taken 3,Movies
Rudrapur ,Indian_Cities
Ram Gopal Varma's Indian Flames,Movies
Mere Brother Ki Dulhan,Movies
Chori Chori Chupke Chupke,Movies
Mumbai Salsa,Movies
Masti Express,Movies
Jamuria ,Indian_Cities
Let Me In,Movies
Florence Foster Jenkins,Movies
Achalpur ,Indian_Cities
Kaise Kahoon Ke... Pyaar Hai,Movies
Chhindwara ,Indian_Cities
Datia ,Indian_Cities
Contagion,Movies
Tere Naam,Movies
Traffic Signal,Movies
Madanapalle ,Indian_Cities
Hari Puttar: A Comedy of Terrors,Movies
Khanjar,Movies
Miley - Naa Miley - Hum,Movies
Cycle Kick,Movies
Roadside Romeo,Movies
Guna ,Indian_Cities
Despicable Me 2,Movies
Soundtrack,Movies
Dil Diya Hai,Movies
Kurnool ,Indian_Cities
The Heartbreak Kid,Movies
Dabgram ,Indian_Cities
Ferrari Ki Sawaari,Movies
Raanjhanaa,Movies
3 Bachelors,Movies
Jackie,Movies
Bahubali: The Beginning,Movies
Hello Hum Lallann Bol Rahe Hain,Movies
Rascals,Movies
Total Chaos,Movies
Deja Vu,Movies
Delhi ,Indian_Cities
Bengal Tiger,Movies
Chandni Chowk to China,Movies
The Japanese Wife,Movies
The Blind Side,Movies
Mr Joe B. Carvalho,Movies
Life Express,Movies
Gayab,Movies
Bundi ,Indian_Cities
Captain Phillips,Movies
Mumbai Delhi Mumbai,Movies
Diary of a Wimpy Kid: Rodrick Rules,Movies
Fences,Movies
Shootout at Lokhandwala,Movies
What to Expect When You're Expecting,Movies
Escape Plan,Movies
The Heat,Movies
Paint It Black,Movies
Pyaar Impossible!,Movies
Finding Fanny,Movies
Dimapur ,Indian_Cities
Kuchh Meetha Ho Jaye,Movies
Mohandas,Movies
The Pursuit of Happyness,Movies
Born to Hate... Destined to Love,Movies
Udaipur ,Indian_Cities
Sssshhh...,Movies
Munger ,Indian_Cities
The BFG,Movies
Zack and Miri Make a Porno,Movies
Ranchi ,Indian_Cities
Kabhi Khushi Kabhie Gham...,Movies
Maunath Bhanjan ,Indian_Cities
Aurangabad ,Indian_Cities
Chaarfutiya Chhokare,Movies
Veraval ,Indian_Cities
Mujhse Fraaandship Karoge,Movies
Halisahar ,Indian_Cities
Happy New Year,Movies
Wanted,Movies
Blue,Movies
Casino Royale,Movies
Insidious,Movies
Chas ,Indian_Cities
21,Movies
The Host,Movies
Mumbai Mast Kallander,Movies
31,Movies
Hidden Figures,Movies
Southpaw,Movies
99,Movies
Now You See Me 2,Movies
The Hobbit: An Unexpected Journey,Movies
Aurangzeb,Movies
Student of the Year,Movies
Tambaram ,Indian_Cities
Jhunjhunun ,Indian_Cities
The Best of Me,Movies
Saare Jahaan Se Mehnga...,Movies
Tum Milo Toh Sahi,Movies
Into the Woods,Movies
Phhir,Movies
Amreli ,Indian_Cities
Gokal Pur ,Indian_Cities
The Interview,Movies
Kahaani Gudiya Ki...: True Story of a Woman,Movies
True Grit,Movies
Elle,Movies
I Am Singh,Movies
Hair is Falling: A Serious Comedy Film,Movies
The Lives of Others,Movies
Frozen,Movies
Karle Pyaar Karle,Movies
Hoshangabad ,Indian_Cities
The Blackcoat's Daughter,Movies
Bhiwadi ,Indian_Cities
Badhaai Ho Badhaai,Movies
Pratha,Movies
Ek Chhotisi Love Story,Movies
Kuku Mathur Ki Jhand Ho Gayi,Movies
Kajraare,Movies
Second Marriage Dot Com,Movies
One 2 Ka 4,Movies
Skyfall,Movies
Mumbai 125 KM 3D,Movies
Hardoi ,Indian_Cities
Talladega Nights: The Ballad of Ricky Bobby,Movies
Akola ,Indian_Cities
Finding Dory,Movies
Dishkiyaoon,Movies
Shut In,Movies
Les Misérables,Movies
Eye in the Sky,Movies
How to Be Single,Movies
Saheb Biwi Aur Gangster Returns,Movies
Queen,Movies
Giridih ,Indian_Cities
Marshal,Movies
Warrior,Movies
Market,Movies
Love Aaj Kal,Movies
Secret in Their Eyes,Movies
Nagpur ,Indian_Cities
Ebn-e-Batuta,Movies
5- 25- 77,Movies
Gorakhpur ,Indian_Cities
Love & Other Drugs,Movies
Kismat,Movies
English Bazar ,Indian_Cities
Their Finest,Movies
Blackhat,Movies
Azamgarh ,Indian_Cities
Vasai Virar City ,Indian_Cities
Maine Dil Tujhko Diya,Movies
Badmaa$h Company,Movies
Tumsa Nahin Dekha,Movies
Chor chor super chor,Movies
Singrauli ,Indian_Cities
Split,Movies
Salem ,Indian_Cities
Whisky Galore,Movies
Kishanganj ,Indian_Cities
Humein Tumse Pyar Ho Gaya Chupke Chupke,Movies
Twin Peaks: The Missing Pieces,Movies
Bidhan Nagar ,Indian_Cities
Shabnam Mausi,Movies
Nizamabad ,Indian_Cities
Bally ,Indian_Cities
Midnight in Paris,Movies
Rahul,Movies
Mere Haule Dost,Movies
Percy Jackson: Sea of Monsters,Movies
Bally City,Indian_Cities
Allah Ke Banday,Movies
CityLights,Movies
Nightcrawler,Movies
Knight of Cups,Movies
Mere Yaar Ki Shaadi Hai,Movies
Jumbo,Movies
Rules Don't Apply,Movies
Creature,Movies
Inferno,Movies
Bullet: Ek Dhamaka,Movies
Maazii,Movies
Jail,Movies
Rab Ne Bana Di Jodi,Movies
Silent Hill,Movies
Cars 2,Movies
Challo Driver,Movies
Resident Evil: Afterlife,Movies
Mother's Day,Movies
Churu ,Indian_Cities
Scouts Guide to the Zombie Apocalypse,Movies
Ungli,Movies
Ender's Game,Movies
Rajkot ,Indian_Cities
Samrat & Co.,Movies
Maa Tujhhe Salaam,Movies
Talaash: The Hunt Begins...,Movies
Sikandar,Movies
Saharanpur ,Indian_Cities
The Age of Shadows,Movies
Zootopia,Movies
Rishra ,Indian_Cities
Angry Young Man,Movies
Padmashree Laloo Prasad Yadav,Movies
Locke,Movies
How to Train Your Dragon 2,Movies
Don 2,Movies
Night at the Museum: Secret of the Tomb,Movies
Perfetti sconosciuti,Movies
Luck by Chance,Movies
I Am the Pretty Thing That Lives in the House,Movies
Knocked Up,Movies
Inherent Vice,Movies
Knock Knock,Movies
The Help,Movies
Tumkur ,Indian_Cities
Fast & Furious,Movies
Solace,Movies
Immortals,Movies
Grindhouse,Movies
Krantiveer: The Revolution,Movies
Zindagi Tere Naam,Movies
Karaikkudi ,Indian_Cities
Karzzzz,Movies
No Escape,Movies
Dil Maange More!!!,Movies
L'odyssée,Movies
Red: The Dark Side,Movies
Kisna: The Warrior Poet,Movies
Ooops a Desi,Movies
Teree Sang: A Kidult Love Story,Movies
Hyderabad Blues 2,Movies
Bhoot Returns,Movies
Mangalore ,Indian_Cities
Knock Out,Movies
Evil Dead,Movies
The Hunger Games: Catching Fire,Movies
Café Society,Movies
Sambhal ,Indian_Cities
50/50,Movies
The Dark Knight,Movies
Bollywood Villa,Movies
Miryalaguda ,Indian_Cities
Escape from Taliban,Movies
Hum Tum Aur Ghost,Movies
Jism 2,Movies
Kurbaan,Movies
Tum Hi To Ho...,Movies
No Country for Old Men,Movies
Puri ,Indian_Cities
...Yahaan,Movies
Ek: The Power of One,Movies
Aksar,Movies
Khullam Khulla Pyaar Karen,Movies
Trapped in Tradition: Rivaaz,Movies
Bhaag Milkha Bhaag,Movies
Edge of Tomorrow,Movies
Hounds of Love,Movies
The Matchbreaker,Movies
The Illusionist,Movies
Joy,Movies
The Warriors Gate,Movies
Out of the Furnace,Movies
Say Yes to Love,Movies
Watchmen,Movies
Your Highness,Movies
Plan,Movies
Team: The Force,Movies
Chakravyuh,Movies
Raajneeti,Movies
Paanch,Movies
Balurghat ,Indian_Cities
Agent Vinod,Movies
Minions,Movies
Ta Ra Rum Pum,Movies
Assassin's Creed,Movies
Chup Chup Ke,Movies
Kozhikode ,Indian_Cities
Despicable Me,Movies
Shaadi Karke Phas Gaya Yaar,Movies
Chand Sa Roshan Chehra,Movies
The Revenant,Movies
The Hurt Locker,Movies
Kick-Ass,Movies
Miracles from Heaven,Movies
A Cure for Wellness,Movies
Ghost Rider,Movies
Mission: Impossible - Rogue Nation,Movies
The President Is Coming,Movies
The imposible,Movies
Into the Wild,Movies
Nakshatra,Movies
Endless Love,Movies
Kites,Movies
Haldia ,Indian_Cities
Across the Universe,Movies
Julie,Movies
Jack Ryan: Shadow Recruit,Movies
Christine,Movies
Titagarh ,Indian_Cities
Dredd,Movies
Birth of the Dragon,Movies
Daddy's Home,Movies
Zombieland,Movies
Jeena Hai Toh Thok Daal,Movies
Khushboo: The Fragraance of Love,Movies
In Bruges,Movies
Mulaqaat,Movies
Lage Raho Munna Bhai,Movies
WALL·E,Movies
Wild,Movies
Zanjeer,Movies
Pan's Labyrinth,Movies
Faridabad ,Indian_Cities
Machilipatnam ,Indian_Cities
What We Do in the Shadows,Movies
L'avenir,Movies
The Black Room,Movies
Baraut ,Indian_Cities
Bhadreswar ,Indian_Cities
Jai Ho,Movies
The Place Beyond the Pines,Movies
Hello Zindagi,Movies
Main Hoon Na,Movies
Sulemani Keeda,Movies
Hellboy II: The Golden Army,Movies
Chhal,Movies
Satara ,Indian_Cities
Kaafila,Movies
Alappuzha ,Indian_Cities
Shor in the City,Movies
Dark Places,Movies
Jashnn: The Music Within,Movies
Sirsa ,Indian_Cities
21 Jump Street,Movies
Golmaal: Fun Unlimited,Movies
Ajmer ,Indian_Cities
3 Idiots,Movies
Blood Father,Movies
Shaapit: The Cursed,Movies
Fantastic Mr. Fox,Movies
Begusarai ,Indian_Cities
Aaja Nachle,Movies
Fashion,Movies
Disaster Movie,Movies
The Master,Movies
Patna ,Indian_Cities
Transpecos,Movies
The VVitch: A New-England Folktale,Movies
Jannat 2,Movies
Burhanpur ,Indian_Cities
Bhoot and Friends,Movies
Tirupati ,Indian_Cities
Click,Movies
Machhli Jal Ki Rani Hai,Movies
Samay: When Time Strikes,Movies
Lakhimpur ,Indian_Cities
Yeh Dil Aashiqanaa,Movies
Bahraich ,Indian_Cities
The Great Wall,Movies
Amravati ,Indian_Cities
Kya Yahi Sach Hai,Movies
Savages,Movies
The Escort,Movies
Black,Movies
Spotlight,Movies
Before I Wake,Movies
Lawless,Movies
O Teri,Movies
Bobby Jasoos,Movies
Panchkula ,Indian_Cities
The Girl with All the Gifts,Movies
Vampire Academy,Movies
Stand By,Movies
Davanagere ,Indian_Cities
Aatma,Movies
Rae Bareli ,Indian_Cities
Search Party,Movies
The Boy,Movies
Bellary ,Indian_Cities
Zinda,Movies
The Ghost Writer,Movies
Welcome to Sajjanpur,Movies
Love Khichdi,Movies
"Love, Rosie",Movies
"Gandhi, My Father",Movies
Shart: The Challenge,Movies
Dead Awake,Movies
Srikakulam ,Indian_Cities
The Dark Knight Rises,Movies
Eluru ,Indian_Cities
Tiruvottiyur ,Indian_Cities
Bhubaneswar Town ,Indian_Cities
Return of Hanuman,Movies
Etah ,Indian_Cities
LOC: Kargil,Movies
Cloud Atlas,Movies
Cuddalore ,Indian_Cities
Nautanki Saala!,Movies
Aashiq,Movies
"U, Bomsi n Me",Movies
Mamma Mia!,Movies
Alibaba Aur 40 Chor,Movies
Cinderella,Movies
Himmatwala,Movies
Angry Birds,Movies
Bachao - Inside Bhoot Hai...,Movies
Yeh Zindagi Ka Safar,Movies
Dirty Grandpa,Movies
Vincent N Roxxy,Movies
Hugo,Movies
Sunday,Movies
The World's End,Movies
Mere Dad Ki Maruti,Movies
Shillong ,Indian_Cities
The Stanford Prison Experiment,Movies
Ishq Hai Tumse,Movies
Hindupur ,Indian_Cities
Dabangg,Movies
Fida,Movies
Blended,Movies
The Butler,Movies
Tum Mile,Movies
Vicky Cristina Barcelona,Movies
Patth,Movies
Kalyani ,Indian_Cities
Batala ,Indian_Cities
Nasha,Movies
Arrival,Movies
Hosur ,Indian_Cities
The Lego Movie,Movies
Dedh Ishqiya,Movies
The Perks of Being a Wallflower,Movies
Jabalpur ,Indian_Cities
Ankur Arora Murder Case,Movies
Payback,Movies
Sehore ,Indian_Cities
Sankat City,Movies
The Siege of Jadotville,Movies
Dehradun ,Indian_Cities
Get Hard,Movies
Joggers' Park,Movies
Deepwater Horizon,Movies
Chetna: The Excitement,Movies
The Mortal Instruments: City of Bones,Movies
Tara: The Journey of Love and Passion,Movies
X-Men: Apocalypse,Movies
I.T.,Movies
Secunderabad ,Indian_Cities
Bajatey Raho,Movies
The Purge,Movies
88 Antop Hill,Movies
The Wolverine,Movies
Adoni ,Indian_Cities
Satna ,Indian_Cities
Bloody Isshq,Movies
Rudraksh,Movies
Om Shanti Om,Movies
Argo,Movies
Khoya Khoya Chand,Movies
Bhiwani ,Indian_Cities
Bastille Day,Movies
Quick Gun Murugun: Misadventures of an Indian Cowboy,Movies
Bhola in Bollywood,Movies
The Neighbor,Movies
Rush,Movies
23rd March 1931: Shaheed,Movies
Gudivada ,Indian_Cities
The Host,Movies
AK 47,Movies
Hands of Stone,Movies
Red Swastik,Movies
In Time,Movies
Luck,Movies
Jhankaar Beats,Movies
Dehri ,Indian_Cities
Death Proof,Movies
The Three Musketeers,Movies
Ata Pata Lapatta,Movies
Humshakals,Movies
Ant-Man,Movies
Brimstone,Movies
Jaal: The Trap,Movies
Forushande,Movies
Aalaap,Movies
Baranagar ,Indian_Cities
Sex Tape,Movies
Aashiq Banaya Aapne: Love Takes Over,Movies
Players,Movies
Haasil,Movies
Joker,Movies
Into the Forest,Movies
Mumbai Matinee,Movies
Badlapur Boys,Movies
Always Kabhi Kabhi,Movies
Road to Sangam,Movies
Apocalypto,Movies
Login,Movies
Jack Reacher: Never Go Back,Movies
Bin Phere Free Me Tere,Movies
Raiganj ,Indian_Cities
Dhoom: 3,Movies
Ichalkaranji ,Indian_Cities
Mr. Brooks,Movies
Ajab Prem Ki Ghazab Kahani,Movies
The Green Inferno,Movies
Break Ke Baad,Movies
Special 26,Movies
Shivpuri ,Indian_Cities
ABCD (Any Body Can Dance),Movies
Nerve,Movies
Teri Meri Kahaani,Movies
Captain America: The Winter Soldier,Movies
Koyelaanchal,Movies
Holiday,Movies
Don Jon,Movies
American Sniper,Movies
Siddharth: The Prisoner,Movies
Suno Na.. Ek Nanhi Aawaz,Movies
Hum Dum,Movies
The Assignment,Movies
Allegiant,Movies
Bachna Ae Haseeno,Movies
Meri Biwi Ka Jawab Nahin,Movies
Jalgaon ,Indian_Cities
Medinipur ,Indian_Cities
Bardaasht,Movies
Barah Aana,Movies
Gurgaon ,Indian_Cities
Megamind,Movies
Bittoo Boss,Movies
Baaz: A Bird in Danger,Movies
Chaalis Chauraasi,Movies
Ratlam ,Indian_Cities
Nazar,Movies
Bol Bachchan,Movies
Benny and Babloo,Movies
Dus,Movies
The Mummy: Tomb of the Dragon Emperor,Movies
Carrie,Movies
30 Days,Movies
Victory,Movies
The Spectacular Now,Movies
Pyaar Ke Side Effects,Movies
John Carter,Movies
Bunty Aur Babli,Movies
Meinu Ek Ladki Chaahiye,Movies
Devil's Knot,Movies
The Da Vinci Code,Movies
Prince,Movies
Mirzapur-cum-Vindhyachal ,Indian_Cities
The Shallows,Movies
Alandur ,Indian_Cities
The Founder,Movies
"Tom, Dick, and Harry",Movies
Damadamm!,Movies
Chandannagar ,Indian_Cities
South Dum Dum ,Indian_Cities
Highway,Movies
Main Aur Mr. Riight,Movies
Department,Movies
Hush,Movies
Captain America: Civil War,Movies
Project X,Movies
Sing Street,Movies
Meenaxi: Tale of 3 Cities,Movies
Hulla,Movies
Tonk ,Indian_Cities
Predators,Movies
Navi Mumbai Panvel Raigarh ,Indian_Cities
Shuruaat Ka Interval,Movies
Billy Lynn's Long Halftime Walk,Movies
Table No. 21,Movies
Khanna ,Indian_Cities
Kickboxer: Vengeance,Movies
Phir Hera Pheri,Movies
22 Jump Street,Movies
Bandook,Movies
Ramayana: The Epic,Movies
Man Down,Movies
Hoshiarpur ,Indian_Cities
Just Go with It,Movies
RED,Movies
The Void,Movies
Burnt,Movies
Chandigarh ,Indian_Cities
Turbo Kid,Movies
Nalgonda ,Indian_Cities
Mysore ,Indian_Cities
Kasam,Movies
Macbeth,Movies
City of Gold - Mumbai 1982: Ek Ankahee Kahani,Movies
John Day,Movies
Aazaan,Movies
Snowden,Movies
The Fault in Our Stars,Movies
I Spit on Your Grave,Movies
Ab... Bas!,Movies
Korba ,Indian_Cities
The Great Gatsby,Movies
Yoga Hosers,Movies
Tracktown,Movies
Realive,Movies
Sisters,Movies
Koe no katachi,Movies
The Other Boleyn Girl,Movies
Burari ,Indian_Cities
Captain Fantastic,Movies
Cheeni Kum,Movies
Gangs of Wasseypur,Movies
Omkara,Movies
Office Christmas Party,Movies
Chanchal,Movies
The Hero: Love Story of a Spy,Movies
Lincoln,Movies
The 9th Life of Louis Drax,Movies
The Huntsman: Winter's War,Movies
The Headhunter's Calling,Movies
The Theory of Everything,Movies
The Departed,Movies
Baripada Town ,Indian_Cities
The Bourne Legacy,Movies
Madras Cafe,Movies
Bhoot,Movies
Hairspray,Movies
Gadag-Betigeri ,Indian_Cities
Jamnagar ,Indian_Cities
Kuch Khatti Kuch Meethi,Movies
Suryapet ,Indian_Cities
Banda ,Indian_Cities
Hostel,Movies
Muzaffarpur ,Indian_Cities
Kung Fu Panda,Movies
Sasaram ,Indian_Cities
Tere Bin Laden,Movies
Arjun Devaa,Movies
Muskaan,Movies
Aakhri Inteqam,Movies
Imphal ,Indian_Cities
Aamir,Movies
Kanpur City,Indian_Cities
Chalte Chalte,Movies
Hacksaw Ridge,Movies
Karimnagar ,Indian_Cities
Sins,Movies
Teesri Aankh: The Hidden Camera,Movies
Rajahmundry ,Indian_Cities
Palakkad ,Indian_Cities
Diary of a Wimpy Kid: Dog Days,Movies
Bhagam Bhag,Movies
Pan,Movies
Agartala ,Indian_Cities
Nayee Padosan,Movies
Impatient Vivek,Movies
Mahesana ,Indian_Cities
Silchar ,Indian_Cities
Banaras,Movies
Chehraa,Movies
300,Movies
The Magnificent Seven,Movies
Heroes,Movies
Krishna Cottage,Movies
Tusk,Movies
Tamanchey,Movies
Perfume: The Story of a Murderer,Movies
"Main, Meri Patni... Aur Woh!",Movies
Hachi: A Dog's Tale,Movies
Tiruchirappalli ,Indian_Cities
Silver Linings Playbook,Movies
X-Men: Days of Future Past,Movies
R... Rajkumar,Movies
Darwaza Bandh Rakho,Movies
Kanchrapara ,Indian_Cities
The Imaginarium of Doctor Parnassus,Movies
Chhodo Kal Ki Baatein,Movies
Chori Chori,Movies
Kishangarh ,Indian_Cities
Mission: Impossible - Ghost Protocol,Movies
Pallavaram ,Indian_Cities
American Pastoral,Movies
Mudda: The Issue,Movies
Aetbaar,Movies
Kushti,Movies
1920: Evil Returns,Movies
Mumbai Meri Jaan,Movies
Nellore ,Indian_Cities
Kismat Konnection,Movies
Kitne Door... Kitne Paas,Movies
?: A Question Mark,Movies
Shimoga ,Indian_Cities
Harry Potter and the Deathly Hallows: Part 1,Movies
Children of Men,Movies
Ice Age: Collision Course,Movies
Ek Second... Jo Zindagi Badal De...,Movies
Hinganghat ,Indian_Cities
Friday the 13th,Movies
Cigarette Ki Tarah,Movies
Selma,Movies
Shaadi Ka Laddoo,Movies
Ahmadnagar ,Indian_Cities
Kahin Hai Mera Pyar,Movies
Veer Savarkar,Movies
Shabd,Movies
Love You to Death,Movies
Alice Through the Looking Glass,Movies
Sausage Party,Movies
Sweeney Todd: The Demon Barber of Fleet Street,Movies
Ek Tha Tiger,Movies
The Mist,Movies
Me and Earl and the Dying Girl,Movies
Wanted,Movies
Planet Terror,Movies
Mumbai's King,Movies
Na Ghar Ke Na Ghaat Ke,Movies
The Internship,Movies
Khwaabb,Movies
Yaadein...,Movies
Dear Zindagi,Movies
New York,Movies
The Grand Budapest Hotel,Movies
Serampore ,Indian_Cities
Folk Hero & Funny Guy,Movies
Bhusawal ,Indian_Cities
Faster,Movies
The Twilight Saga: Eclipse,Movies
Durg ,Indian_Cities
Life Ki Toh Lag Gayi,Movies
Neighbors,Movies
Bhairav,Movies
Lucknow ,Indian_Cities
Aanch,Movies
The Promise,Movies
Na Tum Jaano Na Hum,Movies
Viking,Movies
Vizianagaram ,Indian_Cities
Queens! Destiny of Dance,Movies
Passengers,Movies
Dil Vil Pyar Vyar,Movies
Battleship,Movies
The Xpose,Movies
Wrath of the Titans,Movies
Gunday,Movies
Blackmail,Movies
Handsome Devil,Movies
Dawn of the Planet of the Apes,Movies
Kollam ,Indian_Cities
Youngistaan,Movies
Zoolander 2,Movies
Thodi Life Thoda Magic,Movies
Desi Kattey,Movies
Vadodara ,Indian_Cities
Delhi Safari,Movies
Self/less,Movies
Jumper,Movies
The Film,Movies
Dansh,Movies
Iqbal,Movies
Kochi ,Indian_Cities
Indian,Movies
Vacation,Movies
10 Years,Movies
C Kkompany,Movies
Thanjavur ,Indian_Cities
Enemmy,Movies
A Walk Among the Tombstones,Movies
Precious,Movies
The Rise of the Krays,Movies
Dil Hai Tumhaara,Movies
Garv: Pride and Honour,Movies
Jaane Kahan Se Aayi Hai,Movies
Chappie,Movies
Avatar,Movies
Satta,Movies
Pali ,Indian_Cities
Heartless,Movies
North Barrackpur ,Indian_Cities
Sadiyaan: Boundaries Divide... Love Unites,Movies
God Tussi Great Ho,Movies
Vadh,Movies
The Karate Kid,Movies
Heropanti,Movies
Veer,Movies
Salaam Namaste,Movies
The Conjuring 2,Movies
Green Room,Movies
Gangster Squad,Movies
The Hangover,Movies
Rohtak ,Indian_Cities
7 Khoon Maaf,Movies
Barasat ,Indian_Cities
Khwahish,Movies
Race 2,Movies
Guzaarish,Movies
Scott Pilgrim vs. the World,Movies
Mumbai Godfather,Movies
G.I. Joe: The Rise of Cobra,Movies
Mr Prime Minister,Movies
Saheb Biwi Aur Gangster,Movies
Idiot Box,Movies
Hawayein,Movies
Iron Man 2,Movies
Nine Lives,Movies
The Other Woman,Movies
The Midnight Meat Train,Movies
Tera Mera Saath Rahen,Movies
Haunted - 3D,Movies
Django Unchained,Movies
Rang De Basanti,Movies
Saawariya,Movies
This Means War,Movies
Unforgettable,Movies
Rewari ,Indian_Cities
Bhilai Nagar ,Indian_Cities
Bahadurgarh ,Indian_Cities
Shabri,Movies
Harry Potter and the Half-Blood Prince,Movies
Oculus,Movies
Shola: Fire of Love,Movies
The Happening,Movies
The Expendables 3,Movies
Neighbours,Movies
Ujjain ,Indian_Cities
Bengaloored,Movies
The Break-Up,Movies
Gandhidham ,Indian_Cities
Ishqiya,Movies
Fox,Movies
Ek Se Bure Do,Movies
Gangster,Movies
Morgan,Movies
Babel,Movies
Raichur ,Indian_Cities
Main Tera Hero,Movies
Agneepath,Movies
Lucky Number Slevin,Movies
Gravity,Movies
Pyare Mohan,Movies
Mommy,Movies
Ek Thi Daayan,Movies
Chamku,Movies
Bhadrak ,Indian_Cities
Lady Macbeth,Movies
Pain & Gain,Movies
Kyaa Kool Hai Hum,Movies
A Street Cat Named Bob,Movies
3 Idiots,Movies
S.A.S. Nagar ,Indian_Cities
Eastern Promises,Movies
Ambarnath ,Indian_Cities
Hate Story 2,Movies
Karnal ,Indian_Cities
Naach,Movies
Uluberia ,Indian_Cities
Suicide Squad,Movies
Mandya ,Indian_Cities
Vikalp,Movies
Yeh Teraa Ghar Yeh Meraa Ghar,Movies
Loni ,Indian_Cities
Jind ,Indian_Cities
Sooper Se Ooper,Movies
The Killer,Movies
Hum Tum Shabana,Movies
300: Rise of an Empire,Movies
Striker,Movies
The Dirty Relation,Movies
Chaahat Ek Nasha...,Movies
Chal Pichchur Banate Hain,Movies
The DUFF,Movies
Bhalswa Jahangir Pur ,Indian_Cities
Stumped,Movies
Kaante,Movies
Udaan,Movies
Equals,Movies
Baabarr,Movies
Saharsa ,Indian_Cities
Greater Noida ,Indian_Cities
Straight Outta Compton,Movies
Chain Kulii Ki Main Kulii,Movies
Jaipur ,Indian_Cities
Bhoothnath Returns,Movies
Bhool Bhulaiyaa,Movies
Jodi No.1,Movies
Tauba Tauba,Movies
Popcorn Khao! Mast Ho Jao,Movies
The King's Speech,Movies
Taj Mahal: An Eternal Love Story,Movies
Collide,Movies
Apartment: Rent at Your Own Risk,Movies
Toss: A Flip of Destiny,Movies
From Sydney with Love,Movies
The Edge of Seventeen,Movies
Maruti Mera Dosst,Movies
The A-Team,Movies
Waisa Bhi Hota Hai Part II,Movies
Ek Main Aur Ekk Tu,Movies
Hungama,Movies
Shikohabad ,Indian_Cities
Saas Bahu Aur Sensex,Movies
Wardha ,Indian_Cities
Hassan ,Indian_Cities
Gunaah,Movies
Nagaon ,Indian_Cities
Warning,Movies
Mere Jeevan Saathi,Movies
Bone Tomahawk,Movies
Bumboo,Movies
Socha Na Tha,Movies
London Dreams,Movies
La migliore offerta,Movies
Yuvvraaj,Movies
Raja Bhaiya,Movies
Bridget Jones's Baby,Movies
Ma vie de Courgette,Movies
Jetpur Navagadh ,Indian_Cities
Listen... Amaya,Movies
Taken,Movies
Three: Love Lies Betrayal,Movies
Wajahh: A Reason to Kill,Movies
We Are Your Friends,Movies
Jayantabhai Ki Luv Story,Movies
Gadar: Ek Prem Katha,Movies
Morvi ,Indian_Cities
Terminator Genisys,Movies
Anthropoid,Movies
Karz: The Burden of Truth,Movies
Bhindi Baazaar,Movies
Prisoners,Movies
World Cupp 2011,Movies
Green Lantern,Movies
Spark,Movies
Maan Gaye Mughall-E-Azam,Movies
Seven Pounds,Movies
Bharuch ,Indian_Cities
Kulti ,Indian_Cities
Dil Dosti Etc,Movies
Ab Tak Chhappan,Movies
Dear White People,Movies
The Girl on the Train,Movies
I Hate Luv Storys,Movies
Personal Shopper,Movies
Thor: The Dark World,Movies
Humko Tumse Pyaar Hai,Movies
Rajnandgaon ,Indian_Cities
Phir Milenge,Movies
Aloo Chaat,Movies
Zameen,Movies
Yeh Saali Zindagi,Movies
Khushi,Movies
Prague,Movies
Paagalpan,Movies
Khammam ,Indian_Cities
Mirch,Movies
Ragini MMS 2,Movies
Kya Love Story Hai,Movies
The Hollars,Movies
Hapur ,Indian_Cities
Up in the Air,Movies
Hate Story,Movies
The Family,Movies
Moga ,Indian_Cities
Notorious,Movies
Awarapan,Movies
Angaar: The Fire,Movies
Blood Diamond,Movies
Khurja ,Indian_Cities
Fukrey,Movies
In the Heart of the Sea,Movies
The Rising: Ballad of Mangal Pandey,Movies
Kiss Kis Ko,Movies
Chupke Se,Movies
Suno Sasurjee,Movies
Mallika,Movies
Ragini MMS,Movies
Good Luck!,Movies
Banswara ,Indian_Cities
Ted,Movies
Haal-e-Dil,Movies
Fast Forward,Movies
Indiana Jones and the Kingdom of the Crystal Skull,Movies
The Infiltrator,Movies
Speed,Movies
Jannat: In Search of Heaven...,Movies
Gangoobai,Movies
Soch,Movies
Phoonk 2,Movies
Bbuddah Hoga Terra Baap,Movies
Patiala ,Indian_Cities
Quantum of Solace,Movies
Youth,Movies
Dil Pardesi Ho Gayaa,Movies
Ek Hasina Thi,Movies
Shukriya: Till Death Do Us Apart,Movies
Jimmy,Movies
Rock On!!,Movies
You Don't Mess with the Zohan,Movies
Filth,Movies
Chalo Ishq Ladaaye,Movies
Rajapalayam ,Indian_Cities
Mithya,Movies
Inglourious Basterds,Movies
WOH,Movies
Pizza,Movies
Bas Itna Sa Khwaab Hai...,Movies
Vaah! Life Ho Toh Aisi!,Movies
Barfi!,Movies
Before We Go,Movies
Aurangabad ,Indian_Cities
Don't Think Twice,Movies
Dum Dum ,Indian_Cities
Prem Kaa Game,Movies
Shorts,Movies
Kolhapur ,Indian_Cities
Tashan,Movies
Neemuch ,Indian_Cities
The Martian,Movies
Khosla's Nest,Movies
Bareilly ,Indian_Cities
The Last Airbender,Movies
Thoda Pyaar Thoda Magic,Movies
Gods of Egypt,Movies
Jalna ,Indian_Cities
Salaam-E-Ishq,Movies
Maleficent,Movies
Pyaar Ka Punchnama,Movies
Indignation,Movies
Nanded Waghala ,Indian_Cities
Bride Wars,Movies
Pyaar Diwana Hota Hai,Movies
Rokkk,Movies
Zodiac,Movies
Old Boy,Movies
Trainwreck,Movies
Kamaal Dhamaal Malamaal,Movies
Chalo Dilli,Movies
The Adjustment Bureau,Movies
Viruddh... Family Comes First,Movies
Chal Chala Chal,Movies
The Train: Some Lines Shoulder Never Be Crossed...,Movies
Rajjo,Movies
Chennai ,Indian_Cities
Big Brother,Movies
Sur: The Melody of Life,Movies
Moksha: Salvation,Movies
Baharampur ,Indian_Cities
Bin Bulaye Baraati,Movies
Khuda Kasam,Movies
Go Goa Gone,Movies
Mujhe Kucch Kehna Hai,Movies
Woh Lamhe,Movies
Lucky Kabootar,Movies
All We Had,Movies
Hathyar: Face to Face with Reality,Movies
"Hello, My Name Is Doris",Movies
Yamla Pagla Deewana 2,Movies
District 9,Movies
Let Me Make You a Martyr,Movies
War Dogs,Movies
Jammu ,Indian_Cities
Nandyal ,Indian_Cities
Zero Dark Thirty,Movies
Jagten,Movies
Ye Stupid Pyar,Movies
Kal: Yesterday and Tomorrow,Movies
Erode ,Indian_Cities
Gandhi to Hitler,Movies
Lakshya,Movies
Rann,Movies
Katihar ,Indian_Cities
Shaadi Se Pehle,Movies
Barrackpur ,Indian_Cities
Sab Kuch Hai Kuch Bhi Nahin,Movies
Jodhpur ,Indian_Cities
404: Error Not Found,Movies
Beowulf,Movies
Hadh: Life on the Edge of Death,Movies
Shahrukh Bola 'Khoobsurat Hai Tu'... And She Believed in It,Movies
Paper Towns,Movies
Zindagi Khoobsoorat Hai,Movies
Lovesong,Movies
Kagaar: Life on the Edge,Movies
The Amazing Spider-Man 2,Movies
Blood Money,Movies
Murder 2,Movies
What's Your Number?,Movies
Jigariyaa,Movies
Her,Movies
Bachelor Party,Movies
Baat Bann Gayi,Movies
Tees Maar Khan,Movies
Purnia ,Indian_Cities
The Survivalist,Movies
Atithi Tum Kab Jaoge?,Movies
Mujhse Shaadi Karogi,Movies
Dhule ,Indian_Cities
Khandwa ,Indian_Cities
The Camp,Movies
The Golden Compass,Movies
La tortue rouge,Movies
Double Cross: Ek Dhoka,Movies
Titoo MBA,Movies
Life as We Know It,Movies
My Friend Pinto,Movies
Murder,Movies
Saari Raat,Movies
Miss Peregrine's Home for Peculiar Children,Movies
Bad Luck Govind,Movies
The Whole Truth,Movies
Zindaggi Rocks,Movies
Mechanic: Resurrection,Movies
Moradabad ,Indian_Cities
Krishnanagar ,Indian_Cities
Silsiilay,Movies
Amu,Movies
Nymphomaniac: Vol. I,Movies
Aligarh ,Indian_Cities
Chance Pe Dance,Movies
Fracture,Movies
The Ridiculous 6,Movies
Avengers: Age of Ultron,Movies
Club 60,Movies
Inland Empire,Movies
Kadapa ,Indian_Cities
Karthik Calling Karthik,Movies
Fantastic Beasts and Where to Find Them,Movies
Dhoondte Reh Jaoge,Movies
Utt Pataang,Movies
Jamshedpur ,Indian_Cities
Raw (II),Movies
Let's Dance,Movies
Kyon Ki...,Movies
Aggar: Passion Betrayal Terror,Movies
Hazaribag ,Indian_Cities
Aisha,Movies
Anubhav: An Actor's Tale,Movies
Tell Me O Kkhuda,Movies
Honeymoon Travels Pvt. Ltd.,Movies
Dil Ka Rishta,Movies
Conan the Barbarian,Movies
Rio,Movies
Doctor Strange,Movies
Max Steel,Movies
"Hail, Caesar!",Movies
Lajja,Movies
Apne,Movies
Ishq Qayamat,Movies
Isi Life Mein...!,Movies
44181,Movies
Thor,Movies
The Hunger Games: Mockingjay - Part 1,Movies
Lída Baarová,Movies
Future to Bright Hai Ji,Movies
Bumm Bumm Bole,Movies
Orphan,Movies
Toy Story 3,Movies
Godzilla,Movies
Jawani Diwani: A Youthful Joyride,Movies
Sin City: A Dame to Kill For,Movies
Palwal ,Indian_Cities
Avadi ,Indian_Cities
Maudie,Movies
Ra.One,Movies
Shutter Island,Movies
Resident Evil: Retribution,Movies
Hanuman,Movies
It Follows,Movies
Elaan,Movies
Raqt,Movies
Zokkomon,Movies
Bheja Fry,Movies
Mr. Church,Movies
The Choice,Movies
Noida ,Indian_Cities
Andaaz,Movies
10 Cloverfield Lane,Movies
Safe Haven,Movies
The Boy in the Striped Pyjamas,Movies
King Cobra,Movies
M.A.D: Mad About Dance,Movies
Vaada Raha... I Promise,Movies
Sujangarh ,Indian_Cities
The Longest Ride,Movies
Woodstock Villa,Movies
Gumnam Qatil,Movies
Kanpur ,Indian_Cities
Hum Hai Raahi CAR Ke,Movies
Fanaa,Movies
The Judge,Movies
Dil Toh Baccha Hai Ji,Movies
Chal Chalein,Movies
The Human Centipede (First Sequence),Movies
Kaithal ,Indian_Cities
Bidar ,Indian_Cities
Hunt for the Wilderpeople,Movies
Crimson Peak,Movies
Soch Lo,Movies
Seven Psychopaths,Movies
Mukhbiir,Movies
Inteha,Movies
Guru,Movies
Public Enemies,Movies
Sleeping Beauty,Movies
Ab Ke Baras,Movies
The Devil Wears Prada,Movies
Pitch Perfect 2,Movies
A Sublime Love Story: Barsaat,Movies
Mustafabad ,Indian_Cities
Cuttack ,Indian_Cities
Gaya ,Indian_Cities
Faizabad ,Indian_Cities
Ramagundam ,Indian_Cities
English Vinglish,Movies
Triangle,Movies
The Thinning,Movies
Lakshmi,Movies
Bhavnao Ko Samjho,Movies
Body of Lies,Movies
Ramaa: The Saviour,Movies
Alwar ,Indian_Cities
Bodyguard,Movies
The Man from U.N.C.L.E.,Movies
Lakeer ka Fakeer,Movies
Overtime,Movies
Kaccha Limboo,Movies
Live by Night,Movies
She's the Man,Movies
Pet,Movies
The Secret Life of Walter Mitty,Movies
Aseema: Beyond Boundaries,Movies
Darbhanga ,Indian_Cities
Sonipat ,Indian_Cities
Anantnag ,Indian_Cities
The Neon Demon,Movies
Boom,Movies
Tinker Tailor Soldier Spy,Movies
Zindagi 50 50,Movies
Sherlock Holmes,Movies
Vidisha ,Indian_Cities
Bubble Gum,Movies
Hulchul,Movies
Yuva,Movies
Mad Max: Fury Road,Movies
Ballia ,Indian_Cities
The First Time,Movies
Barshi ,Indian_Cities
Lottery,Movies
Bhopal: A Prayer for Rain,Movies
The Hobbit: The Desolation of Smaug,Movies
Anand ,Indian_Cities
Boss,Movies
Dulha Mil Gaya,Movies
The House Bunny,Movies
Chittoor ,Indian_Cities
Bhind ,Indian_Cities
Little Miss Sunshine,Movies
Damoh ,Indian_Cities
Magic Mike XXL,Movies
Taarzan: The Wonder Car,Movies
Jalandhar ,Indian_Cities
Inception,Movies
No Problem,Movies
Hugli-Chinsurah ,Indian_Cities
The Equalizer,Movies
Ambikapur ,Indian_Cities
Jaana Pehchana,Movies
Swades,Movies
Rishtey,Movies
Unstoppable,Movies
Remember Me,Movies
Love Breakups Zindagi,Movies
The Hobbit: The Battle of the Five Armies,Movies
Horror Story,Movies
Sicario,Movies
Golmaal Returns,Movies
Girlfriend,Movies
Chaar Din Ki Chandni,Movies
Deadpool,Movies
Modinagar ,Indian_Cities
Hello,Movies
Focus,Movies
Grown Ups 2,Movies
Kyun! Ho Gaya Na...,Movies
Seventh Son,Movies
The Fountain,Movies
Rakht,Movies
Tangled,Movies
The Golden Boys,Movies
Yehi Hai Zindagi,Movies
Garam Masala,Movies
Rewa ,Indian_Cities
Oblivion,Movies
Corporate,Movies
13 Hours,Movies
Koi Hai,Movies
Page 3,Movies
Master,Movies
Grimsby,Movies
Ghaav: The Wound,Movies
Saawan... The Love Season,Movies
Chatur Singh Two Star,Movies
Incendies,Movies
Love Recipe,Movies
Insan,Movies
Wrecker,Movies
The Drop,Movies
Officer,Movies
Ek Khiladi Ek Haseena,Movies
Main Prem Ki Diwani Hoon,Movies
Snowpiercer,Movies
Woman in Gold,Movies
Shikhar,Movies
Baabul,Movies
Krishna Aur Kans,Movies
Gippi,Movies
Border Hindustan Ka,Movies
Satya 2,Movies
Shanghai,Movies
Hanumangarh ,Indian_Cities
Yamla Pagla Deewana,Movies
Kalyug,Movies
Waah! Tera Kya Kehna,Movies
Yeh Kya Ho Raha Hai?,Movies
Yeh Hai Jalwa,Movies
Deoria ,Indian_Cities
Dostana,Movies
The Secret Life of Pets,Movies
Gali Gali Chor Hai,Movies
Kurichi ,Indian_Cities
Tadpatri ,Indian_Cities
Bridge to Terabithia,Movies
Darwaza,Movies
Manchester by the Sea,Movies
Drive,Movies
Mira Bhayander ,Indian_Cities
Victoria No. 203: Diamonds Are Forever,Movies
No Entry,Movies
Harry Potter and the Order of the Phoenix,Movies
Hum Do Anjaane,Movies
A Monster Calls,Movies
Aan: Men at Work,Movies
Raaz 3: The Third Dimension,Movies
Aap Kaa Surroor: The Moviee - The Real Luv Story,Movies
Mashooka,Movies
Panipat ,Indian_Cities
Independence Day: Resurgence,Movies
Aiyyaa,Movies
Police Force: An Inside Story,Movies
Mere Dost Picture Abhi Baaki Hai,Movies
Bhram: An Illusion,Movies
Mardaani,Movies
Neighbors 2: Sorority Rising,Movies
Aagey Se Right,Movies
Denial,Movies
Gulbarga ,Indian_Cities
Parwana,Movies
This Is 40,Movies
Ranibennur ,Indian_Cities
Kasak,Movies
The Proposal,Movies
Dangal,Movies
Ratatouille,Movies
X-Men: The Last Stand,Movies
The Ticket,Movies
Amritsar ,Indian_Cities
Unbroken,Movies
Meri Aashiqui,Movies
Aapko Pehle Bhi Kahin Dekha Hai,Movies
Aap Mujhe Achche Lagne Lage,Movies
The Waiting Room,Movies
The Levelling,Movies
Oops!,Movies
Oz the Great and Powerful,Movies
Janasheen,Movies
Khatta Meetha,Movies
Kubo and the Two Strings,Movies
Birdman or (The Unexpected Virtue of Ignorance),Movies
Free Fire,Movies
Män som hatar kvinnor,Movies
The Fall,Movies
Don't Breathe,Movies
Colossal,Movies
Jab We Met,Movies
The Legend of Tarzan,Movies
Basti,Movies
Maximum,Movies
Krrish 3,Movies
Farz,Movies
Closed Circuit,Movies
Chitkabrey,Movies
Inkaar,Movies
The Stakelander,Movies
Policegiri,Movies
Furious Seven,Movies
Betul ,Indian_Cities
Shree,Movies
Toni Erdmann,Movies
Mumbai Diaries,Movies
Madavaram ,Indian_Cities
Taare Zameen Par,Movies
Jolly LLB,Movies
Antichrist,Movies
Vijayawada ,Indian_Cities
Santipur ,Indian_Cities
Room,Movies
Swaha: Life Beyond Superstition,Movies
Kung Fu Panda 3,Movies
Allied,Movies
Bhagalpur ,Indian_Cities
Vaada,Movies
Dhol,Movies
Moonrise Kingdom,Movies
The Guru,Movies
Sagar ,Indian_Cities
Fantastic Four,Movies
Gang of Ghosts,Movies
Chittagong,Movies
Transformers: Revenge of the Fallen,Movies
Kill Dil,Movies
Midnight Special,Movies
Bid ,Indian_Cities
The Hills Have Eyes,Movies
Transformers,Movies
Lowriders,Movies
Kancheepuram ,Indian_Cities
Bobby: Love and Lust,Movies
Kaminey: The Scoundrels,Movies
Teenage Mutant Ninja Turtles: Out of the Shadows,Movies
Aa Dekhen Zara,Movies
Ru-Ba-Ru,Movies
Dekh Bhai Dekh: Laughter Behind Darkness,Movies
Purani Jeans,Movies
Sikar ,Indian_Cities
Pinjar,Movies
Hardcore Henry,Movies
Ahista Ahista,Movies
Ekkees Toppon Ki Salaami,Movies
Harry Potter and the Deathly Hallows: Part 2,Movies
Stop!,Movies
Trust,Movies
Superman Returns,Movies
2012,Movies
Hijack,Movies
The Finest Hours,Movies
Scream 4,Movies
Uljhan,Movies
Lahore,Movies
Percy Jackson & the Olympians: The Lightning Thief,Movies
Yeh Hai Malegaon Ka Superman,Movies
Golmaal 3,Movies
Tezz,Movies
Storks,Movies
Heyy Babyy,Movies
Sultanpur ,Indian_Cities
Sona Spa,Movies
Warm Bodies,Movies
Akbarpur ,Indian_Cities
Bhadravati ,Indian_Cities
Wake Up Sid,Movies
Billu,Movies
Raja Bhai Lagey Raho...,Movies
Ouija: Origin of Evil,Movies
Hum Tum,Movies
Chhattarpur ,Indian_Cities
Kynodontas,Movies
Duplicate Sholay,Movies
Nayak: The Real Hero,Movies
Panvel ,Indian_Cities
Kalol ,Indian_Cities
To Rome with Love,Movies
Mod,Movies
Colonia,Movies
Ashok Chakra: Tribute to Real Heroes,Movies
Chhupa Rustam: A Musical Thriller,Movies
Vaastu Shastra,Movies
Peepli (Live),Movies
Apaharan,Movies
Paa,Movies
Lekar Hum Deewana Dil,Movies
Chitradurga ,Indian_Cities
La vie d'Adèle,Movies
Deoli ,Indian_Cities
Why Him?,Movies
Hawas,Movies
Do Dooni Chaar,Movies
Madurai ,Indian_Cities
Hardwar ,Indian_Cities
Spring Breakers,Movies
Popstar: Never Stop Never Stopping,Movies
The Do-Over,Movies
Transformers: Age of Extinction,Movies
RockStar,Movies
Gauri: The Unborn,Movies
No One Killed Jessica,Movies
Stake Land,Movies
Dosti: Friends Forever,Movies
Fugly,Movies
Dil Chahta Hai,Movies
I Am,Movies
The Other Guys,Movies
It's Only the End of the World,Movies
Never Back Down,Movies
Yamunanagar ,Indian_Cities
Bachke Rehna Re Baba,Movies
Kal Kissne Dekha,Movies
Bharatpur ,Indian_Cities
Buddha Mar Gaya,Movies
Anna Karenina,Movies
My Name Is Anthony Gonsalves,Movies
Gone Baby Gone,Movies
Udupi ,Indian_Cities
Anamika: The Untold Story,Movies
Thrissur ,Indian_Cities
Hot Fuzz,Movies
Haan Maine Bhi Pyaar Kiya,Movies
Ashoknagar Kalyangarh ,Indian_Cities
Super 8,Movies
Absolutely Anything,Movies
Shaurya: It Takes Courage to Make Right... Right,Movies
Buxar ,Indian_Cities
Jeena Sirf Merre Liye,Movies
Shame,Movies
Yeh Hai Pyar Ka Mausam,Movies
Rowdy Rathore,Movies
Jai Ganesh Deva,Movies
A Bigger Splash,Movies
Hum Kaun Hai?,Movies
The Big Short,Movies
Bhiwandi ,Indian_Cities
Texas Chainsaw 3D,Movies
Dobara,Movies
Robertson Pet ,Indian_Cities
Siyaah..,Movies
Predestination,Movies
Filhaal...,Movies
Kick,Movies
Mujhe Meri Biwi Se Bachaao,Movies
Chala Mussaddi - Office Office,Movies
Ahmadabad ,Indian_Cities
Alice in Wonderland,Movies
Durga,Movies
Nagercoil ,Indian_Cities
Aryan: Unbreakable,Movies
Ishkq in Paris,Movies
Kyaa Dil Ne Kahaa,Movies
Money Monster,Movies
Yeh Lamhe Judaai Ke,Movies
Kamarhati ,Indian_Cities
If I Stay,Movies
Bhatpara ,Indian_Cities
True Crimes,Movies
(500) Days of Summer,Movies
Get Educated: Paathshaala,Movies
Sex and the City 2,Movies
Daayen Ya Baayen,Movies
Bagalkot ,Indian_Cities
Elysium,Movies
Ankahee,Movies
The Secret Scripture,Movies
The Conjuring,Movies
Gondal ,Indian_Cities
Ramji Londonwaley,Movies
The Book of Eli,Movies
X: First Class,Movies
Tum: A Dangerous Obsession,Movies
Chilakaluripet ,Indian_Cities
Tanu Weds Manu,Movies
Gollu aur Pappu,Movies
Aankhen,Movies
Ansh: The Deadly Part,Movies
Chapra ,Indian_Cities
Malegaon ,Indian_Cities
Kirari Suleman Nagar ,Indian_Cities
Mission: Impossible III,Movies
Ghost,Movies
99.9 FM,Movies
Inside Out,Movies
Raurkela Town ,Indian_Cities
Namastey London,Movies
Love & Friendship,Movies
Identity Card,Movies
Surat ,Indian_Cities
Sonali Cable,Movies
Boyka: Undisputed IV,Movies
Jo Hum Chahein,Movies
Aamras: The Sweet Taste of Friendship,Movies
The Autopsy of Jane Doe,Movies
Frantz,Movies
Twilight,Movies
Lucy,Movies
3 AM: A Paranormal Experience,Movies
Star Wars: Episode VII - The Force Awakens,Movies
Mathura ,Indian_Cities
Mr. White Mr. Black,Movies
Horrible Bosses 2,Movies
Let's Be Cops,Movies
Jamalpur ,Indian_Cities
Pitch Perfect,Movies
Raincoat,Movies
The Hunger Games: Mockingjay - Part 2,Movies
Free State of Jones,Movies
13B: Fear Has a New Address,Movies
Star Trek,Movies
Everybody Wants Some!!,Movies
Real Steel,Movies
I Am Legend,Movies
The Legend of Bhagat Singh,Movies
Nishabd,Movies
Martyrs,Movies
London Paris New York,Movies
Rocky,Movies
Beautiful Creatures,Movies
There Will Be Blood,Movies
Surendranagar Dudhrej ,Indian_Cities
Once Upon a Time in Mumbai,Movies
August Rush,Movies
The Boy Next Door,Movies
Dhoom:2,Movies
Forgetting Sarah Marshall,Movies
Slumdog Millionaire,Movies
Horrible Bosses,Movies
Tulsi: Mathrudevobhava,Movies
Silence,Movies
Jism,Movies
Money Hai Toh Honey Hai,Movies
Mahbubnagar ,Indian_Cities
Singh Saab the Great,Movies
Basti ,Indian_Cities
A Dark Song,Movies
Nagaur ,Indian_Cities
Pandorum,Movies
Karawal Nagar ,Indian_Cities
Action Replayy,Movies
Rehnaa Hai Terre Dil Mein,Movies
No Smoking,Movies
Kabhi Alvida Naa Kehna,Movies
Brooklyn,Movies
Australia,Movies
Ugly Aur Pagli,Movies
Star Trek Beyond,Movies
Rock of Ages,Movies
The Shaukeens,Movies
Prarambh,Movies
"Crazy, Stupid, Love.",Movies
Budaun ,Indian_Cities
Lavender,Movies
Proddatur ,Indian_Cities
Visakhapatnam,Indian_Cities
Spider-Man 3,Movies
PK,Movies
Tumko Na Bhool Paayenge,Movies
Ambur ,Indian_Cities
Mummy Punjabi: Superman Ki Bhi Maa!!,Movies
Dark Shadows,Movies
Amroha ,Indian_Cities
Dharmavaram ,Indian_Cities
Revolver Rani,Movies
Lafangey Parindey,Movies
Ghanchakkar,Movies
Phoonk,Movies
Biharsharif ,Indian_Cities
Snow White and the Huntsman,Movies
The 5th Wave,Movies
Fury,Movies
Anjaane: The Unkown,Movies
Om Jai Jagadish,Movies
Suite Française,Movies
Sucker Punch,Movies
La La Land,Movies
Shirin Farhad Ki Toh Nikal Padi,Movies
Farrukhabad-cum-Fatehgarh ,Indian_Cities
The Skin I Live In,Movies
Monster Trucks,Movies
El secreto de sus ojos,Movies
Bankura ,Indian_Cities
Collateral Beauty,Movies
20th Century Women,Movies
Aap Ki Khatir,Movies
Magic Mike,Movies
Dhara,Movies
Dope,Movies
Guntur ,Indian_Cities
Jalwa: Fun in Love,Movies
Ya Rab,Movies
He's Just Not That Into You,Movies
The Prestige,Movies
Marie Antoinette,Movies
Daman: A Victim of Marital Violence,Movies
Tall Men,Movies
Hacker,Movies
Cloverfield,Movies
Hatya: The Murder,Movies
Dil Kabaddi,Movies
Mission Istaanbul: Darr Ke Aagey Jeet Hai!,Movies
Khora ,Indian_Cities
Company,Movies
The Lovely Bones,Movies
Pirates of the Caribbean: Dead Man's Chest,Movies
Aasma: The Sky Is the Limit,Movies
Inside Man,Movies
Crawlspace,Movies
Grand Masti,Movies
Aliens vs Predator - Requiem,Movies
Phas Gaye Re Obama,Movies
Raavan,Movies
Asambhav,Movies
Detour,Movies
Jhansi ,Indian_Cities
Monica,Movies
Issaq,Movies
Patiala House,Movies
Ssukh,Movies
Aashiqui 2,Movies
Ishq Vishk,Movies
Mr Ya Miss,Movies
Annie,Movies
Junagadh ,Indian_Cities
Sherlock Holmes: A Game of Shadows,Movies
Tron,Movies
Bang Bang,Movies
Dabangg 2,Movies
The Girl with the Dragon Tattoo,Movies
Insaaf: The Justice,Movies
Nagda ,Indian_Cities
Lone Survivor,Movies
8 x 10 Tasveer,Movies
Bhuj ,Indian_Cities
Rajpur Sonarpur ,Indian_Cities
Baidyabati ,Indian_Cities
Sanam Hum Aapke Hain...,Movies
Thane ,Indian_Cities
Rise of the Planet of the Apes,Movies
Panihati ,Indian_Cities
2 Nights in Soul Valley,Movies
Chal Bhaag,Movies
Chandausi ,Indian_Cities
Zed Plus,Movies
Dallo Pura ,Indian_Cities
Shamli ,Indian_Cities
Nabadwip ,Indian_Cities
Bathinda ,Indian_Cities
The Stoneman Murders,Movies
Dibrugarh ,Indian_Cities
Zid,Movies
Trump Card,Movies
Gangawati ,Indian_Cities
Rampur ,Indian_Cities
Fifty Shades of Grey,Movies
Rama Rama Kya Hai Dramaaa,Movies
The Intent,Movies
Ek Se Badhkar Ek,Movies
Hattrick,Movies
Inteqam: The Perfect Game,Movies
The Giver,Movies
Sahi Dhandhe Galat Bande,Movies
Naqaab,Movies
Blue Oranges,Movies
2 States,Movies
Kai po che!,Movies
Interstellar,Movies
Deewaar: Let's Bring Our Heroes Home,Movies
Bhimavaram ,Indian_Cities
Megan Is Missing,Movies
Annabelle,Movies
Aks,Movies
Hubli-Dharwad ,Indian_Cities
Diary of a Butterfly,Movies
Thank You,Movies
Khardaha ,Indian_Cities
Dhamaal,Movies
Son of Sardaar,Movies
Movie 43,Movies
Terminator Salvation,Movies
Vroom,Movies
Patan ,Indian_Cities
Yun Hota Toh Kya Hota: What If...?,Movies
Boond,Movies
Nehlle Pe Dehlla,Movies
Half of a Yellow Sun,Movies
Aakhari Decision,Movies
Eddie the Eagle,Movies
Shirdi Sai Baba,Movies
Hell or High Water,Movies
Furious 6,Movies
Horns,Movies
One Day,Movies
The Age of Adaline,Movies
Krrish,Movies
Pathankot ,Indian_Cities
Sehar,Movies
Daawat-e-Ishq,Movies
Mr. Right,Movies
Phir Kabhi,Movies
Delhii Heights,Movies
Hanna,Movies
Bheja Fry 2,Movies
Ballerina,Movies
Ek Din 24 Ghante,Movies
Jalpaiguri ,Indian_Cities
Pehli Nazar Ka Pyaar,Movies
Up,Movies
Let's Enjoy,Movies
Star Trek Into Darkness,Movies
Main Aisa Hi Hoon,Movies
Jajantaram Mamantaram,Movies
Prometheus,Movies
Humpty Sharma Ki Dulhania,Movies
Love Express,Movies
The Last Witch Hunter,Movies
Encounter: The Killing,Movies
Lakeer - Forbidden Lines,Movies
Jodi Breakers,Movies
Ittefaq,Movies
Aladin,Movies
San Andreas,Movies
Ajnabee,Movies
Sleight,Movies
Barbershop: The Next Cut,Movies
Wreck-It Ralph,Movies
Kismet Love Paisa Dilli,Movies
North Dum Dum ,Indian_Cities
Fatehpur ,Indian_Cities
Singham Returns,Movies
Mean Dreams,Movies
Madhyamgram ,Indian_Cities
Final Destination 5,Movies
Sambalpur ,Indian_Cities
Humko Deewana Kar Gaye,Movies
Sitapur ,Indian_Cities
Kaal,Movies
Raniganj ,Indian_Cities
Chingaari,Movies
Black Mass,Movies
Bhoothnath,Movies
Haldwani-cum-Kathgodam ,Indian_Cities
Footloose,Movies
Begin Again,Movies
Goksung,Movies
Rabba Main Kya Karoon,Movies
Kash... Aap Hamare Hote,Movies
"Good Boy, Bad Boy",Movies
Kimi no na wa,Movies
Kidnap,Movies
Transcendence,Movies
Yaariyan,Movies
Sons of Ram,Movies
Champdani ,Indian_Cities
Manorama Six Feet Under,Movies
Entourage,Movies
Home,Movies
Kucch Luv Jaisaa,Movies
Porbandar ,Indian_Cities
Maheshtala ,Indian_Cities
The Dressmaker,Movies
Maine Pyaar Kyun Kiya,Movies
Mainpuri ,Indian_Cities
Whiplash,Movies
Bongaon ,Indian_Cities
Wafaa,Movies
The Gambler,Movies
The Cabin in the Woods,Movies
Khiladi 786,Movies
Queen of Katwe,Movies
Ambala ,Indian_Cities
Barddhaman ,Indian_Cities
Baghban,Movies
Masterminds,Movies
Mere Baap Pehle Aap,Movies
I Proud to Be an Indian,Movies
Sixteen,Movies
Armaan,Movies
The Book of Life,Movies
Rok Sako To Rok Lo,Movies
Haider,Movies
Port Blair ,Indian_Cities
Road,Movies
Jaunpur ,Indian_Cities
Paisa Vasool,Movies
Kis Kis Ki Kismat,Movies
Bombay to Bangkok,Movies
Aashiqui.in,Movies
Mumbai Cutting,Movies
Kaanchi,Movies
Cheenti Cheenti Bang Bang,Movies
Bad Moms,Movies
Fareb,Movies
28 Weeks Later,Movies
Staying Alive,Movies
The Invitation,Movies
Madhoshi,Movies
Spectral,Movies
Kolar ,Indian_Cities
A Million Ways to Die in the West,Movies
Patriots Day,Movies
Stardust,Movies
Help,Movies
Rafoo Chakkar: Fun on the Run,Movies
Akaash Vani,Movies
Tutiya Dil,Movies
Chittaurgarh ,Indian_Cities
Time Pass,Movies
